Leidimo,,Leidimas galioja šiandien,Leidimo turėtojo rekvizitai,,,Prekybos (paslaugų teikimo),,"Prekės
(teikiamos paslaugos) ",Kiosko Nr.,"Kiosko plotas
kv. m"
Nr.,galiojimo data,,pavadinimas,kodas,buveinė,vieta,miesto dalis,,,
6,"2018 01 02-05, 08-12, 15-19, 22-26, 29-31, 02 01-02, 05-09, 12-15, 19-23, 26-28, 03 01-02, 05-09, 12-16, 19-23, 26-30, 04 03-06, 09-13, 16-20, 23-27, 30, 05 02-04, 07-11, 14-18, 21-25, 28-31, 06 01, 04-08, 11-15, 18-22, 25-29, 07 02-05, 09-13, 16-20, 23-27, 30-31, 09 03-07, 10-14, 17-21, 24-28, 10 01-05, 08-12, 15-19, 22-26, 29-31, 11 02, 05-09, 12-16, 19-23, 26-30, 12 03-07, 10-14, 17-21, 27-28",,Fizinis asmuo,***,***,prie Gedimino g. 36,Naujamiestis,"Vaisiai, daržovės, fasuoti maisto produktai",K 003,"8,4"
16,"2018 01 15-21, 29-31, 02 01-04, 12-18, 26-28, 03 01-04, 12-18, 26-31, 04 09-15, 23-29, 05 07-13, 21-27, 06 04-10, 18-24, 07 02-08, 16-22, 30-31, 08 01-05, 13-19, 27-31, 09 01-02, 10-16, 24-30, 10 08-14, 22-28, 11 05-11, 19-25, 12 03-09",,Fizinis asmuo,***,***,prie V. Krėvės pr. 97A,Dainava,"Mėsos gaminiai, duona ir jos gaminiai. Fasuoti negreit gendantys maisto produuktai",K 197,18.00
17,"2018 01 22-28, 02 05-11, 19-25, 03 08-11, 19-25, 04 16-22, 30, 05 01-06, 14-20, 28-31, 06 01-03, 11-17, 25-30, 07 01, 09-15, 23-29, 08 06-12, 20-26, 09 03-09, 17-23, 10 01-07, 15-21, 29-31, 11 01-04, 12-18, 26-30, 12 01-02, 10-11",,Fizinis asmuo,***,***,prie V. Krėvės pr. 97A,Dainava,"Mėsos gaminiai, duona ir jos gaminiai. Fasuoti negreit gendantys maisto produuktai",K 197,18.00
19,"2018 01 05-31, 02 01-28, 03 01-31, 04 01-30, 05 01-31, 06 01-30, 07 01-31, 08 01-31, 09 01-30, 10 01-31, 11 01-12",,Fizinis asmuo,***,***,prie Rasytės g. / Jotvingių g. sankryžos,Milikoniai,Viešojo maitinimo paslaugos,K 073,15.00
34,"2018 01 10-12, 15-18, 22-25, 29-31, 02 05-08, 12-15, 19-22, 26-28, 03 01, 05-08, 12-15, 19-22, 26-29, 04 02-05, 09-12, 16-19, 23-26, 30, 05 01-03, 07-10, 14-17, 21-24, 28-31, 06 04-07, 11-14, 18-21, 25-28, 07 02-05, 09-12, 16-19, 23-26, 30-31, 08 01-02, 06-09, 13-16, 20-23, 27-30, 09 03-06, 10-13, 17-20, 24-27, 10 01-04, 08-11, 15-18, 22-25, 29-31, 11 01, 05-08, 12-15, 19-22, 26-29, 12 03-05, 10-12, 17-22, 27-28, 31",,Fizinis asmuo,***,***,prie A. Stulginskio g. 63,Vilijampolė,Pramoninės prekės,K 056,"12,44"
38,"2018 01 11-31, 02 01-28, 03 01-31, 04 01-30, 05 01-31, 06 01-30, 07 01-31, 08 01-31, 09 01-30, 10 01-31, 11 01-30, 12 01-31; 2019 01 01-05",,UAB „Vintoma“,134137430,Pravienos g. 23-1,prie Pravienos g. ir Skirvytės g. (Kražantės g. ) sankryžos,Palemonas,"Fasuoti pieno produktai, mėsos gaminiai,  duonos-pyrago gaminiai, negreit gendantys maisto produktai, vaisiai, daržovės",K 010,21.00
55,"2018 01 22-26, 29-31, 02 01-02, 05-09, 12-15, 19-23, 26-28, 03 01-02, 05-09, 12-16, 19-23, 26-30, 04 03-06, 09-13, 16-20, 23-27, 30, 05 02-04, 07-11, 14-18, 21-25, 28-31, 06 01, 04-15, 18-22, 25-29, 07 02-05, 09-13, 16-20, 23-27, 30-31, 08 01-03, 06-10, 13-14, 16-17, 20-24, 27-31, 09 03-07, 10-14, 17-21, 24-28, 10 01-05, 08-12, 15-19, 22-26, 29-31, 11 02, 05-08, 12-16, 19-23, 26-30, 12 03-07, 10-14, 17-21, 27-28, 31",,UAB „Deivina“,132919393,V.Krėvės pr. 131B,prie Taikos pr. 151,Naujasodis,Viešojo maitinimo paslaugos,K 453,"67,71"
71,"2018 02 24-28, 03 01-31, 04 01-30, 05 01-31, 06 01-30, 07 01-31, 08 01-31, 09 01-30, 10 01-31, 11 01-30, 12 01-31; 2019 01 01-31, 02 01-23",,Fizinis asmuo,***,***,prie Raudondvario pl. 168,Veršvai,"Gėlės, žvakės, puokštės",K 595,24.00
112,"2018 03 15-31, 04 01-30, 05 01-31, 06 01-30, 07 01-31, 08 01-31, 09 01-30, 10 01-31, 11 01-30, 12 01-31",,MB „Frykas“,304143504,E. Fryko g. 38,prie Žemaičių pl. 23,Smėliai,Viešojo maitinimo paslaugos,K 562,15.00
114,"2018 02 21-28, 03 01-31, 04 01-30, 05 01-31, 06 01-30, 07 01-31, 08 01-31, 09 01-30, 10 01-31, 11 01-30, 12 01-31",,UAB „Matesa“,300003309,Raudondvario pl. 184A,prie Raudondvario pl. 184 (186),Veršvai,Viešojo maitinimo paslaugos,K 175,"39,5"
126,"2018 03 05-31, 04 02-30, 05 01-31, 06 01-30, 07 01-31, 08 01-31, 09 01-30, 10 01-31, 11 01-30, 12 01-31",,UAB „Aldživa“,300598223,Kražantės g. 13,prie Ateities pl. ir Palemono g. sankryžos,Palemonas,Viešojo maitinimo paslaugos ,K 066,"27,5"
148,"2018 03 14-17, 19-24, 26-31, 04 03-07, 09-14, 16-21, 23-28, 30, 05 01-05, 07-12, 14-19, 21-26, 28-31, 06 01-02, 04-09, 11-16, 18-23, 25-30, 07 02-05, 09-14, 16-21, 23-28, 30, 08 01-04, 06-11, 13-18, 20-25, 27-31",,Fizinis asmuo,***,***,prie Žemaičių pl. 23,Smėliai,"Daržovės, vaisiai",K 061,"14,4"
157,"2018 04 03-07, 09-14, 16-21, 23-28, 30, 05 02-05, 07-12, 14-19, 21-26, 28-31, 06 01-02, 04-09, 11-16, 18-23, 25-30, 07 02-05, 07, 09-14, 16-21, 23-28, 30-31",,Mažoji bendrija „Stasvita“,302875726,Baltų pr. 63-68,prie S. Žukausko 14 (netoli S. Žukausko g. 6),Eiguliai,"Vaisiai, daržovės, fasuotos maisto prekės",K 082,36.00
162,"2018 03 19-31, 04 01-30, 05 01-31, 06 01-30, 07 01-31, 08 01-31, 09 01-30, 10 01-31, 11 01-30, 12 01-06",,Akcinė bendrovė Lietuvos paštas,121215587,"J. Jasinskio g. 16, Vilnius",prie Žemaičių pl. 23,Smėliai,Finansinės ir kitos AB Lietuvos pašto teikiamos paslaugos,K 334,"15,87"
170,"2018 04 03-07, 09-14, 16-21, 23-28, 30, 05 02-05, 07-12, 14-19, 21-26, 28-31, 06 01-02, 04-09, 11-16, 18-23, 25-30, 07 02-05, 07, 09-14, 16-21, 23-28, 30-31",,Mažoji bendrija „Stasvita“,302875726,Baltų pr. 63-68,prie Taikos pr. 77,Dainava,"Vaisiai, daržovės, fasuotos maisto prekės",K 063,15.00
178,"2018 04 03-06, 09-13, 16-20, 23-27, 30, 05 02-04, 07-11, 14-18, 21-25, 28-31, 06 01, 04-08, 11-15, 18-22, 25-29, 07 02-05, 09-13, 16-20, 23-27, 30-31, 08 01-03, 06-10, 13-14, 16-17, 20-24, 27-31, 09 03-07, 10-14, 17-21, 24-28",,Fizinis asmuo,***,***,prie Prancūzų g. 68,Aukštieji Šančiai,"Vaisiai, daržovės, fasuoti negreit gendantys maisto produktai",K 549,"7,5"
185,"2018 03 28-31, 04 01-30, 05 01-31, 06 01-30, 07 01-31, 08 01-31, 09 01-30",,Fizinis asmuo,***,***,Ašigalio g. 3A,Panerys,Viešojo maitinimo paslaugos ,K 597,55.00
186,"2018 04 03-06, 09-13, 16-20, 23-27, 30, 05 02-04, 07-11, 14-18, 21-25, 28-31, 06 01, 04-08, 11-15, 18-22, 25-29, 07 02-05, 09-13, 16-20, 23-27, 30-31",,Fizinis asmuo,***,***,prie Taikos pr. 113,Dainava,"Duona, pienas ir jų gaminiai, fasuotos maisto prekės, vaisiai ir daržovės",K 068,"23,5"
187,"2018 04 16-20, 23-27, 30, 05 02-04, 07-11, 14-18, 21-25, 28-31, 06 01, 04-08, 11-15, 18-22, 25-29, 07 02-05, 09-13, 16-20, 23-27, 30-31, 08 01-03, 06-10, 13-14, 16-17, 20-24, 27-31, 09 03-07, 10-14, 17-21, 24-28",,Fizinis asmuo,***,***,prie V. Krėvės pr. 57,Dainava,"Vaisiai, daržovės",K 535,"7,5"
205,"2018 04 14-15, 21-22, 28-29, 05 05-06, 10-31, 06 01-30, 07 01-31, 08 01-31",,Fizinis asmuo,***,***,prie Radvilėnų g. 21,Gričiupis,"Pakuoti negreit gendantys maisto produktai, šalti, karšti gėrimai, mikrobangų krosnelėje pašildytos bandelės su įdarais",K 118,14.00
210,"2018 04 20-30, 05 05-15, 06 11-21, 07 18-28, 08 15-25, 09 17-27, 10 01-10, 11 05-15, 12 10-16",,Fizinis asmuo,***,***,prie V. Krėvės pr. 18,Dainava,Pramoninės prekės,K 191,"13,44"
215,"2018 04 26-27, 30, 05 02-04, 07-11, 14-18, 21-25, 28-31, 06 01, 04-08, 11-15, 18-22, 25-29, 07 02-05, 09-13, 16-20, 23-27, 30-31, 08 01-03, 06-10, 13-14, 16-17, 20-24, 27-31, 09 03-07, 10-14, 17-21, 24-26",,UAB „Rinktiniai produktai“,300888536,Partizanų g. 16C-38,prie Vytauto pr. 38,Naujamiestis,Kelionių agentūrų veikla,K 457,25.00
220,"2018 04 19-30, 05 01-31, 06 01-30, 07 01-31, 08 01-31, 09 01-30, 10 01-31, 11 01-30, 12 01-31; 2019 01 01-31, 02 01-28, 03 01-31, 04 01-18",,Akcinė draudimo bendrovė „Gjensidige“ ,110057869,"Konstitucijos pr. 7, Vilnius",prie Raudondvario pl. 234,Veršvai,Draudimo paslaugos,K 064,"13,6"
221,"2018 05 03, 07, 10, 12, 16, 18, 21, 23, 25, 29, 06 01, 04, 07, 10, 14, 17, 20, 22, 24, 28, 07 02, 06, 08, 11, 14, 16, 21, 29, 08 01, 04, 08, 09, 15, 19, 25, 09 08, 10, 14, 16, 18",,Fizinis asmuo,***,***,prie V. Krėvės pr. 95A,Dainava,Pramoninės prekės,K 520,"11,48"
224,"2018 05 01-30, 06 01-30, 07 01-31, 08 01-31, 09 01-30",,Fizinis asmuo,***,***,prie V. Krėvės pr. 95 A,Dainava,"Fasuoti negreit gendantys maisto produktai. Kiaušiniai, kiaušinių produktai. Daržovės. Vaisiai. ",K 508,"13,5"
225,"2018 05 03-05, 07-31, 06 01-22, 25-30, 07 01-05, 09-26, 08 13-31",,Fizinis asmuo,***,***,prie Kuršių g. 38,Milikoniai,"Vaisiai, daržovės, kiaušiniai, kiaušinių produktai, fasuoti negreit gendantys maisto produktai",K 008,"11,75"
226,"2018 05 01-31, 06 01-30, 07 01-28, 08 13-31",,Fizinis asmuo,***,***,prie Jotvingių g. 13,Milikoniai,"Fasuoti negreit gendantys maisto produktai, daržovės, vaisiai",K 045,"10,66"
227,"2018 05 03-31, 06 01-22, 25-30, 07 01-05, 09-26",,Fizinis asmuo,***,***,prie Žemaičių pl. 23,Milikoniai,"Vaisiai, daržovės",K 009,9.00
230,"2018 05 01-31, 06 01-30, 07 01-31, 08 01-31",,Fizinis asmuo,***,***,prie S. Žukausko g. 14,Eiguliai,"Vaisiai, daržovės",K 087,"16,2"
231,"2018 04 30, 05 02-04, 07-11, 14-18, 21-25, 28-31, 06 01, 04-08, 11-15, 18-22, 25-29, 07 02-05, 09-13, 16-20, 23-27, 30-31",,Fizinis asmuo,***,***,prie S. Žukausko g. 19,Eiguliai,"Gėlės, pramoninės prekės",K 145,"6,7"
248,"2018 05 03-31, 06 01-30, 07 01-31, 08 01-31, 09 01-30, 10 01-15",,Fizinis asmuo,***,***,prie Panerių g. 322,Kalniečiai,Mėsos gaminiai. Fasuoti negreit gendantys maisto produktai,K 557,"14,7"
250,"2018 05 08-31, 06 01-30, 07 01-31, 08 01-31, 09 01-30, 10 01-14",,Fizinis asmuo,***,***,M. K. Čiurlionio g. prie Geležinkelio stoties,Žemieji Šančiai,Viešojo maitinimo paslaugos,K 433,"43,12"
252,"2018 05 09-31, 06 01-30, 07 01-31, 08 01-08",,Fizinis asmuo,***,***,prie Rasytės g. 19,Smėliai,"Padangų montavimas, balansavimas",K 588,"14,4"
253,"2018 05 09-31, 06 01-30, 07 01-31, 08 01-08",,Fizinis asmuo,***,***,prie R. Kalantos g. 119,Petrašiūnai,"Padangų montavimas, balansavimas",K 460,26.00
254,"2018 05 14-31, 06 01-30, 07 01-31, 08 01-31",,R.Zubraus firma „Emersa“,234290740,Rimvydo g. 18-33,prie V. Krėvės pr. 15,Dainava,"Vaisiai, daržovės",K 190,"13,44"
255,"2018 05 11-31, 06 01-30, 07 01-31, 08 01-08",,Fizinis asmuo,***,***,prie Žemaičių pl. 23,Milikoniai,Pramoninės prekės,K 537,15.00
256,"2018 05 15-31, 06 01-30, 07 01-31, 08 01-12",,Fizinis asmuo,***,***,prie V. Krėvės pr. 15,Dainava,Avalynės taisymas,K 006,"12,4"
258,"2018 05 16-31, 06 01-30, 07 01-31, 08 01-16",,Fizinis asmuo,***,***,prie Rasytės g. 12,Milikoniai,"Fasuoti, negreit gendantys maisto produktai, ledai, vaisiai, nežemėtos daržovės",K 001,"14,35"
259,"2018 06 01-30, 07 01-31, 08 01-21",,Fizinis asmuo,***,***,prie Šiaurės pr. 91,Eiguliai,Viešopjo maitinimo patiekalai (ribotas asortimentas),K 015,12.00
260,"2018 05 16-31, 06 01-30, 07 01-31, 08 01-13",,Fizinis asmuo,***,***,prie P. Plechavičiaus g. 2,Eiguliai,"Mėsos gaminiai, fasuoti negreit gendantys maisto produktai",K 473,16.00
261,"2018 05 17-31, 06 01-30, 07 01-31, 08 01-31, 09 01-30, 10 01-13",,Fizinis asmuo,***,***,prie Šiaurės pr. 91,Eiguliai,"Fasuoti, negreit gendantys maisto produktai, vaisiai, daržovės",K 070,15.00
262,"2018 06 01-30, 07 01-31, 08 01-29",,Fizinis asmuo,***,***,prie Varnių g. 24,Vilijampolė,Maisto produktai,K 438,26.00
263,"2018 05 20-31, 06 01-30, 07 01-31, 08 01-17",,UAB „Pikola“,304115914,Partizanų g. 61-806 (V. Krėvės pr. 8A-10) ,prieš S. Žukausko g. 15,Eiguliai,Viešojo maitinimo paslaugos (ribotas asortimentas),K 054,"59,5"
264,"2018 05 22-31, 06 01-30, 07 01-31, 08 01-19",,Fizinis asmuo,***,***,prie P. Lukšio g. 27,Eiguliai,"Mėsos gaminiai, pienas ir pieno produktai. Fasuoti maisto produktai Vaisiai, daržovės ",K 383,22.00
265,"2018 05 22-31, 06 01-30, 07 01-31, 08 01-19",,Fizinis asmuo,***,***,prie Žemaičių pl. 23,Smėliai,Avalynės taisymas,K 269,"9,6"
266,"2018 05 23-31, 06 01-30, 07 01-31, 08 01-20",,Fizinis asmuo,***,***,prie Taikos pr. 43,Žaliakalnis,Pramoninės prekės ,K 174,"28,4"
267,"2018 05 22-31, 06 01-30, 07 01-31, 08 01-31, 09 01-30, 10 01-31, 11 01-30, 12 01-31",,MB „Lino manija“,304102023,Girininkų g. 2,prie Vilniaus g. 3,Senamiestis,Pramoninės prekės,K 555,"4,86"
268,"2018 05 31, 06 01-30, 07 01-31, 08 01-28",,Fizinis asmuo,***,***,prie Žemaičių pl. 23,Smėliai,"Fasuotos maisto prekės, pienas ir jo gaminiai, duona ir jos gaminiai",K 021,"14,4"
269,"2018 05 24-31, 06 01-30, 07 01-31, 08 01-23",,Fizinis asmuo,***,***,prie Sartų g. / Alaušo g. sankryžos,Dainava,"Duonos-pyrago, konditerijos gaminiai, fasuoti, negreit gendantys maisto produktai",K 089,"8,64"
270,"2018 05 28-31, 06 01-30, 07 01-31, 08 01-31",,Fizinis asmuo,***,***,prie P. Plechavičiaus g. 2,Eiguliai,Pramoninės prekės,K 483,20.00
271,"2018 06 01-30, 07 01-31, 08 01-31",,S. Visockienės įmonė „Sedula“,132415831,Aukštaičių g. 62a,prie Kovo 11-osios g. 69,Dainava,"Vaisiai, daržovės",K 356,"17,6"
272,"2018 06 01-30, 07 01-31, 08 01-29",,UAB „MONVILĖ“,302715294,Žalvarnių tak. 17,prie Partizanų g. 86,Dainava,Viešojo maitinimo paslaugos (ribotas asortimentas),K 186,"34,68"
273,"2018 06 01-30, 07 01-31, 08 01-29",,UAB „Picita“,303207968,Žalvarnių tak. 17,prie V. Krėvės pr. 84A,Dainava,Viešojo maitinimo patiekalai (ribotas asortimentas),K 184,"31,28"
274,"2018 06 01-30, 07 01-31, 08 01-31, 09 01-30, 10 01-31, 11 01-30, 12 01-31",,Naručio Pašakinsko individuali įmonė,134499632,Šiaurės pr. 13-18,prieš V. Krėvės pr. 52,Dainava,"Fasuoti, negreit gendantys maisto produktai, ledai. Vaisiai, daržovės",K 047,"17,1"
275,"2018 06 01-30, 07 01-31, 08 01-31",,Fizinis asmuo,***,***,prie P. Plechavičiaus g. 2,Eiguliai,Siuvimo paslaugos,K 488,16.00
276,"2018 06 04-30, 07 01-31, 08 01-21",,Fizinis asmuo,***,***,prie Kalniečių g. 219,Kalniečiai,Pramoninės prekės,K 014,"13,5"
277,"2018 06 01-30, 07 01-31, 08 01-31, 09 01-30, 10 01-31, 11 01-30, 12 01-31",,UAB „Kauno spauda“,135520314,K.Donelaičio g. 46,prie Veiverių g. 57,Freda,"Spaudos gaminiai, pakuoti, negreit gendantys maisto produktai, smulkios pramoninės prekės, pakuoti ledai",K 199,"9,6"
278,"2018 06 01-30, 07 01-31, 08 01-31",,UAB „Kauno spauda“,135520314,K.Donelaičio g. 46,prie Vytauto pr. 50,Naujamiestis,"Spaudos gaminiai, pakuoti, negreit gendantys maisto produktai, smulkios pramoninės prekės, pakuoti ledai",K 200,"5,17"
279,"2018 06 01-30, 07 01-31, 08 01-31, 09 01-30, 10 01",,UAB „Kauno spauda“,135520314,K.Donelaičio g. 46,prie Pramonės pr. 19,Naujasodis,"Spaudos gaminiai, pakuoti, negreit gendantys maisto produktai, smulkios pramoninės prekės, pakuoti ledai",K 582,"13,22"
280,"2018 06 01-30, 07 01-31, 08 01-31",,UAB „Kauno spauda“,135520314,K.Donelaičio g. 46,prie Linkuvos g. 56A,Vilijampolė,"Spaudos gaminiai, pakuoti, negreit gendantys maisto produktai, smulkios pramoninės prekės, pakuoti ledai",K 205,"9,6"
281,"2018 06 01-30, 07 01-31, 08 01-31, 09 01-30, 10 01-31, 11 01-30, 12 01-31",,UAB „Kauno spauda“,135520314,K.Donelaičio g. 46,prie Jonavos g. 1,Senamiestis,"Spaudos gaminiai, pakuoti, negreit gendantys maisto produktai, smulkios pramoninės prekės, pakuoti ledai",K 206,"9,6"
282,"2018 06 01-30, 07 01-31, 08 01-31, 09 01-30, 10 01-31, 11 01-30, 12 01-31",,UAB „Kauno spauda“,135520314,K.Donelaičio g. 46,prie Zanavykų g. 25 A,Žaliakalnis,"Spaudos gaminiai, pakuoti, negreit gendantys maisto produktai, smulkios pramoninės prekės, pakuoti ledai",K 207,"8,4"
283,"2018 06 01-30, 07 01-31, 08 01-31",,UAB „Kauno spauda“,135520314,K.Donelaičio g. 46,prie V. Krėvės pr. 65,Dainava,"Spaudos gaminiai, pakuoti, negreit gendantys maisto produktai, smulkios pramoninės prekės, pakuoti ledai",K 208,"9,6"
284,"2018 06 01-30, 07 01-31, 08 01-31, 09 01-30, 10 01-31, 11 01-30, 12 01-31",,UAB „Kauno spauda“,135520314,K.Donelaičio g. 46,prie Tilto g. 6,Panemunė,"Spaudos gaminiai, pakuoti, negreit gendantys maisto produktai, smulkios pramoninės prekės, pakuoti ledai",K 210,6.00
285,"2018 06 01-30, 07 01-31, 08 01-31, 09 01-30, 10 01-31, 11 01-30, 12 01-31",,UAB „Kauno spauda“,135520314,K.Donelaičio g. 46,prie V. Krėvės pr. 47,Dainava,"Spaudos gaminiai, pakuoti, negreit gendantys maisto produktai, smulkios pramoninės prekės, pakuoti ledai",K 211,"8,4"
286,"2018 06 01-30, 07 01-31, 08 01-31, 09 01-30, 10 01-31, 11 01-30, 12 01-31",,UAB „Kauno spauda“,135520314,K.Donelaičio g. 46,prie Baltų pr. 55,Smėliai,"Spaudos gaminiai, pakuoti, negreit gendantys maisto produktai, smulkios pramoninės prekės, pakuoti ledai",K 212,"9,6"
287,"2018 06 01-30, 07 01-31, 08 01-31, 09 01-30, 10 01-31, 11 01-30, 12 01-31",,UAB „Kauno spauda“,135520314,K.Donelaičio g. 46,prie Studentų g. 14,Gričiupis,"Spaudos gaminiai, pakuoti, negreit gendantys maisto produktai, smulkios pramoninės prekės, pakuoti ledai",K 214,"9,6"
288,"2018 06 01-30, 07 01-31, 08 01-31, 09 01-30, 10 01-31, 11 01-30, 12 01-31",,UAB „Kauno spauda“,135520314,K.Donelaičio g. 46,prie K. Petrausko g. 6,Žaliakalnis,"Spaudos gaminiai, pakuoti, negreit gendantys maisto produktai, smulkios pramoninės prekės, pakuoti ledai",K 215,"9,6"
290,"2018 06 01-30, 07 01-31, 08 01-31",,UAB „Kauno spauda“,135520314,K.Donelaičio g. 46,prie Savanorių pr. 211,Žaliakalnis,"Spaudos gaminiai, pakuoti, negreit gendantys maisto produktai, smulkios pramoninės prekės, pakuoti ledai",K 217,"8,45"
291,"2018 06 01-30, 07 01-31, 08 01-31, 09 01-30, 10 01-31, 11 01-30, 12 01-31",,UAB „Kauno spauda“,135520314,K.Donelaičio g. 46,prie K. Baršausko g. 66 A,Gričiupis,"Spaudos gaminiai, pakuoti, negreit gendantys maisto produktai, smulkios pramoninės prekės, pakuoti ledai",K 218,"13,22"
292,"2018 06 01-30, 07 01-31, 08 01-31, 09 01-30, 10 01-31, 11 01-30, 12 01-31",,UAB „Kauno spauda“,135520314,K.Donelaičio g. 46,prie Jotvingių g. 16,Milikoniai,"Spaudos gaminiai, pakuoti, negreit gendantys maisto produktai, smulkios pramoninės prekės, pakuoti ledai",K 221,"9,6"
293,"2018 06 01-30, 07 01-31, 08 01-31, 09 01-30, 10 01-27",,UAB „Kauno spauda“,135520314,K.Donelaičio g. 46,prie Vilniaus g. 43,Naujamiestis,"Spaudos gaminiai, pakuoti, negreit gendantys maisto produktai, smulkios pramoninės prekės, pakuoti ledai",K 222,15.00
294,"2018 06 01-30, 07 01-31, 08 01-31, 09 01-30, 10 01-31, 11 01-30, 12 01-31",,UAB „Kauno spauda“,135520314,K.Donelaičio g. 46,prie Savanorių pr. 66,Naujamiestis,"Spaudos gaminiai, pakuoti, negreit gendantys maisto produktai, smulkios pramoninės prekės, pakuoti ledai",K 461,"7,5"
295,"2018 06 01-30, 07 01-31, 08 01-05",,UAB „Kauno spauda“,135520314,K.Donelaičio g. 46,prie Kęstučio g. 55 (53),Naujamiestis,"Spaudos gaminiai, pakuoti, negreit gendantys maisto produktai, smulkios pramoninės prekės, pakuoti ledai",K 223,"13,22"
296,"2018 06 01-30, 07 01-31, 08 01-31, 09 01-30, 10 01-31, 11 01-30, 12 01-31",,UAB „Kauno spauda“,135520314,K.Donelaičio g. 46,prie E. Ožeškienės g. 2,Naujamiestis,"Spaudos gaminiai, pakuoti, negreit gendantys maisto produktai, smulkios pramoninės prekės, pakuoti ledai",K 224,15.00
297,"2018 06 01-30, 07 01-31, 08 01-31, 09 01-30, 10 01-31, 11 01-30, 12 01-31",,UAB „Kauno spauda“,135520314,K.Donelaičio g. 46,prieš Raudondvario pl. 72,Vilijampolė,"Spaudos gaminiai, pakuoti, negreit gendantys maisto produktai, smulkios pramoninės prekės, pakuoti ledai",K 225,"9,6"
298,"2018 06 01-30, 07 01-31, 08 01-31",,UAB „Kauno spauda“,135520314,K.Donelaičio g. 46,prie Šiaurės pr. 4,Eiguliai,"Spaudos gaminiai, pakuoti, negreit gendantys maisto produktai, smulkios pramoninės prekės, pakuoti ledai",K 463,9.00
299,"2018 06 01-30, 07 01-31, 08 01-31",,UAB „Kauno spauda“,135520314,K.Donelaičio g. 46,prie Taikos pr. 3,Dainava,"Spaudos gaminiai, pakuoti, negreit gendantys maisto produktai, smulkios pramoninės prekės, pakuoti ledai",K 227,6.00
300,"2018 06 01-30, 07 01-31, 08 01-31, 09 01-30, 10 01-31, 11 01-30, 12 01-31",,UAB „Kauno spauda“,135520314,K.Donelaičio g. 46,prie T. Masiulio g. 1,Petrašiūnai,"Spaudos gaminiai, pakuoti, negreit gendantys maisto produktai, smulkios pramoninės prekės, pakuoti ledai",K 228,9.00
302,"2018 06 01-30, 07 01-31, 08 01-31, 09 01-30, 10 01-31, 11 01-30, 12 01-31",,UAB „Kauno spauda“,135520314,K.Donelaičio g. 46,prie Vytauto pr. 12,Naujamiestis,"Spaudos gaminiai, pakuoti, negreit gendantys maisto produktai, smulkios pramoninės prekės, pakuoti ledai",K 230,"5,17"
303,"2018 06 01-30, 07 01-31, 08 01-31, 09 01-30, 10 01-31, 11 01-30, 12 01-31",,UAB „Kauno spauda“,135520314,K.Donelaičio g. 46,prie Taikos pr. 113,Dainava,"Spaudos gaminiai, pakuoti, negreit gendantys maisto produktai, smulkios pramoninės prekės, pakuoti ledai",K 231,"9,6"
305,"2018 06 01-30, 07 01-31, 08 01-31, 09 01-30, 10 01-31, 11 01-30, 12 01-31",,UAB „Kauno spauda“,135520314,K.Donelaičio g. 46,prie Varnių g. 24,Vilijampolė,"Spaudos gaminiai, pakuoti, negreit gendantys maisto produktai, smulkios pramoninės prekės, pakuoti ledai",K 233,"9,6"
306,"2018 06 01-30, 07 01-31, 08 01-31",,UAB „Kauno spauda“,135520314,K.Donelaičio g. 46,prie Vaidoto g. 34,Panemunė,"Spaudos gaminiai, pakuoti, negreit gendantys maisto produktai, smulkios pramoninės prekės, pakuoti ledai",K 235,"9,6"
307,"2018 06 01-30, 07 01-31, 08 01-31",,UAB „Kauno spauda“,135520314,K.Donelaičio g. 46,prie Verkių g. 7,Aukštieji Šančiai,"Spaudos gaminiai, pakuoti, negreit gendantys maisto produktai, smulkios pramoninės prekės, pakuoti ledai",K 236,9.00
308,"2018 06 01-30, 07 01-31, 08 01-31, 09 01-30, 10 01-31, 11 01-30, 12 01-31",,UAB „Kauno spauda“,135520314,K.Donelaičio g. 46,prie Vytauto pr. 11 ,Naujamiestis,"Spaudos gaminiai, pakuoti, negreit gendantys maisto produktai, smulkios pramoninės prekės, pakuoti ledai",K 237,15.00
309,"2018 06 01-30, 07 01-31, 08 01-31, 09 01-30, 10 01-31, 11 01-30, 12 01-31",,UAB „Kauno spauda“,135520314,K.Donelaičio g. 46,prie Savanorių pr. 284,Dainava,"Spaudos gaminiai, pakuoti, negreit gendantys maisto produktai, smulkios pramoninės prekės, pakuoti ledai",K 238,"9,6"
311,"2018 06 01-30, 07 01-31, 08 01-31, 09 01-30, 10 01-31, 11 01-30, 12 01-31",,UAB „Kauno spauda“,135520314,K.Donelaičio g. 46,prie Šiaurės pr. 91 ,Eiguliai,"Spaudos gaminiai, pakuoti, negreit gendantys maisto produktai, smulkios pramoninės prekės, pakuoti ledai",K 240,"9,6"
312,"2018 06 01-30, 07 01-31, 08 01-31, 09 01-30, 10 01-27",,UAB „Kauno spauda“,135520314,K.Donelaičio g. 46,prie S. Daukanto g. 28,Naujamiestis,"Spaudos gaminiai, pakuoti, negreit gendantys maisto produktai, smulkios pramoninės prekės, pakuoti ledai",K 241,15.00
313,"2018 06 01-30, 07 01-31, 08 01-31, 09 01-30, 10 01-31, 11 01-30, 12 01-31",,UAB „Kauno spauda“,135520314,K.Donelaičio g. 46,prie Savanorių pr. 371,Eiguliai,"Spaudos gaminiai, pakuoti, negreit gendantys maisto produktai, smulkios pramoninės prekės, pakuoti ledai",K 242,"9,6"
314,"2018 06 01-30, 07 01-31, 08 01-31, 09 01-30, 10 01-31, 11 01-30, 12 01-31",,UAB „Kauno spauda“,135520314,K.Donelaičio g. 46,prie Jotvingių g. 2,Milikoniai,"Spaudos gaminiai, pakuoti, negreit gendantys maisto produktai, smulkios pramoninės prekės, pakuoti ledai",K 244,"9,6"
315,"2018 06 01-30, 07 01-31, 08 01-31, 09 01-30, 10 01-31, 11 01-30, 12 01-31",,UAB „Kauno spauda“,135520314,K.Donelaičio g. 46,prie V. Krėvės pr. 97,Dainava,"Spaudos gaminiai, pakuoti, negreit gendantys maisto produktai, smulkios pramoninės prekės, pakuoti ledai",K 245,15.00
316,"2018 06 01-30, 07 01-31, 08 01-31, 09 01-30, 10 01-27",,UAB „Kauno spauda“,135520314,K.Donelaičio g. 46,prieš Vytauto pr. 57,Naujamiestis,"Spaudos gaminiai, pakuoti, negreit gendantys maisto produktai, smulkios pramoninės prekės, pakuoti ledai",K 246,15.00
317,"2018 06 05-30, 07 01-31, 08 01-31, 09 01-30, 10 01-31, 11 01-30, 12 01-31",,UAB „Kauno spauda“,135520314,K.Donelaičio g. 46,prie Josvainių g. 2,Veršvai,"Spaudos gaminiai, pakuoti, negreit gendantys maisto produktai, smulkios pramoninės prekės, pakuoti ledai",K 248,"9,6"
318,"2018 06 01-30, 07 01-31, 08 01-31, 09 01-30, 10 01-31, 11 01-30, 12 01-31",,UAB „Kauno spauda“,135520314,K.Donelaičio g. 46,prie Savanorių pr. 95,Žaliakalnis,"Spaudos gaminiai, pakuoti, negreit gendantys maisto produktai, smulkios pramoninės prekės, pakuoti ledai",K 249,"9,6"
319,"2018 06 01-30, 07 01-31, 08 01-31",,UAB „Kauno spauda“,135520314,K.Donelaičio g. 46,prie Gimnazijos g. 3,Smėliai,"Spaudos gaminiai, pakuoti, negreit gendantys maisto produktai, smulkios pramoninės prekės, pakuoti ledai",K 504,"9,6"
320,"2018 06 01-30, 07 01-31, 08 01-31",,UAB „Kauno spauda“,135520314,K.Donelaičio g. 46,prie Bajorų g. 8,Vilijampolė,"Spaudos gaminiai, pakuoti, negreit gendantys maisto produktai, smulkios pramoninės prekės, pakuoti ledai",K 250,"8,45"
321,"2018 06 01-30, 07 01-31, 08 01-31",,UAB „Kauno spauda“,135520314,K.Donelaičio g. 46,prie S. Daukanto g. 9,Naujamiestis,"Spaudos gaminiai, pakuoti, negreit gendantys maisto produktai, smulkios pramoninės prekės, pakuoti ledai",K 558,9.00
322,"2018 06 01-30, 07 01-31, 08 01-31, 09 01-30, 10 01-31, 11 01-30, 12 01-31",,UAB „Kauno spauda“,135520314,K.Donelaičio g. 46,prie Savanorių pr. 269,Kalniečiai,"Spaudos gaminiai, pakuoti, negreit gendantys maisto produktai, smulkios pramoninės prekės, pakuoti ledai",K 253,"9,6"
323,"2018 06 01-30, 07 01-31, 08 01-31, 09 01-30, 10 01-31, 11 01-30, 12 01-31",,UAB „Kauno spauda“,135520314,K.Donelaičio g. 46,prie Savanorių pr. 184 (186),Žaliakalnis,"Spaudos gaminiai, pakuoti, negreit gendantys maisto produktai, smulkios pramoninės prekės, pakuoti ledai",K 254,"9,6"
324,"2018 06 01-30, 07 01-31, 08 01-31, 09 01-30, 10 01-31, 11 01-30, 12 01-31",,UAB „Kauno spauda“,135520314,K.Donelaičio g. 46,prie Pramonės pr. 31,Dainava,"Spaudos gaminiai, pakuoti, negreit gendantys maisto produktai, smulkios pramoninės prekės, pakuoti ledai",K 256,"9,6"
325,"2018 06 01-30, 07 01-31, 08 01-31, 09 01-30, 10 01-31, 11 01-30, 12 01-31",,UAB „Kauno spauda“,135520314,K.Donelaičio g. 46,prie Varnių g. 46,Vilijampolė,"Spaudos gaminiai, pakuoti, negreit gendantys maisto produktai, smulkios pramoninės prekės, pakuoti ledai",K 257,"7,1"
326,"2018 06 01-30, 07 01-31, 08 01-31, 09 01-30, 10 01-31, 11 01-30, 12 01-31",,UAB „Kauno spauda“,135520314,K.Donelaičio g. 46,prie S. Žukausko g. 19,Eiguliai,"Spaudos gaminiai, pakuoti, negreit gendantys maisto produktai, smulkios pramoninės prekės, pakuoti ledai",K 261,"9,6"
327,"2018 06 01-30, 07 01-31, 08 01-31, 09 01-30, 10 01-31, 11 01-30, 12 01-31",,UAB „Kauno spauda“,135520314,K.Donelaičio g. 46,prie Kovo 11-osios g. 69,Dainava,"Spaudos gaminiai, pakuoti, negreit gendantys maisto produktai, smulkios pramoninės prekės, pakuoti ledai",K 262,"9,6"
328,"2018 06 01-30, 07 01-31, 08 01-31, 09 01-30, 10 01-31, 11 01-30, 12 01-31",,UAB „Kauno spauda“,135520314,K.Donelaičio g. 46,prie Jonavos g. 26 A,Senamiestis,"Spaudos gaminiai, pakuoti, negreit gendantys maisto produktai, smulkios pramoninės prekės, pakuoti ledai",K 263,"9,6"
329,"2018 06 01-30, 07 01-31, 08 01-31, 09 01-30, 10 01-31, 11 01-30, 12 01-31",,UAB „Kauno spauda“,135520314,K.Donelaičio g. 46,prie Kovo 11-osios g. 31 A,Gričiupis,"Spaudos gaminiai, pakuoti, negreit gendantys maisto produktai, smulkios pramoninės prekės, pakuoti ledai",K 264,"9,6"
330,"2018 06 01-30, 07 01-31, 08 01-31, 09 01-30, 10 01-31, 11 01-30, 12 01-31",,UAB „Kauno spauda“,135520314,K.Donelaičio g. 46,prieš A. Juozapavičiaus pr. 48,Žemieji Šančiai,"Spaudos gaminiai, pakuoti, negreit gendantys maisto produktai, smulkios pramoninės prekės, pakuoti ledai",K 266,"9,6"
331,"2018 06 01-30, 07 01-31, 08 01-21",,UAB „Kauno spauda“,135520314,K.Donelaičio g. 46,prie Maironio g. 26,Naujamiestis,"Spaudos gaminiai, pakuoti, negreit gendantys maisto produktai, smulkios pramoninės prekės, pakuoti ledai",K 267,6.00
332,"2018 06 01-30, 07 01-31, 08 01-31, 09 01-30, 10 01-31, 11 01-30, 12 01-31",,UAB „Kauno spauda“,135520314,K.Donelaičio g. 46,prie P. Lukšio g. 20,Eiguliai,"Spaudos gaminiai, pakuoti, negreit gendantys maisto produktai, smulkios pramoninės prekės, pakuoti ledai",K 268,"9,6"
334,"2018 06 01-30, 07 01-31, 08 01-31, 09 01-30, 10 01-31, 11 01-30, 12 01-31",,UAB „Kauno spauda“,135520314,K.Donelaičio g. 46,prie Jotvingių g. 13 (15),Milikoniai,"Spaudos gaminiai, pakuoti, negreit gendantys maisto produktai, smulkios pramoninės prekės, pakuoti ledai",K 272,9.00
335,"2018 06 01-30, 07 01-31, 08 01-31, 09 01-30, 10 01-31, 11 01-30, 12 01-31",,UAB „Kauno spauda“,135520314,K.Donelaičio g. 46,prie Partizanų g. 134,Dainava,"Spaudos gaminiai, pakuoti, negreit gendantys maisto produktai, smulkios pramoninės prekės, pakuoti ledai",K 273,"9,6"
336,"2018 06 01-30, 07 01-31, 08 01-31",,UAB „Kauno spauda“,135520314,K.Donelaičio g. 46,prie K. Petrausko g. 43,Žaliakalnis,"Spaudos gaminiai, pakuoti, negreit gendantys maisto produktai, smulkios pramoninės prekės, pakuoti ledai",K 274,"9,6"
337,"2018 06 01-30, 07 01-31, 08 01-31, 09 01-30, 10 01-31, 11 01-30, 12 01-31",,UAB „Kauno spauda“,135520314,K.Donelaičio g. 46,prie Eivenių g. 2,Kalniečiai,"Spaudos gaminiai, pakuoti, negreit gendantys maisto produktai, smulkios pramoninės prekės, pakuoti ledai",K 277,15.00
338,"2018 06 01-30, 07 01-31, 08 01-31",,UAB „Kauno spauda“,135520314,K.Donelaičio g. 46,prie Partizanų g. 98,Naujasodis,"Spaudos gaminiai, pakuoti, negreit gendantys maisto produktai, smulkios pramoninės prekės, pakuoti ledai",K 279,"6,5"
339,"2018 06 01-30, 07 01-31, 08 01-31, 09 01-30, 10 01-31, 11 01-30, 12 01-31",,UAB „Kauno spauda“,135520314,K.Donelaičio g. 46,prie K. Baršausko g. 85 (87),Gričiupis,"Spaudos gaminiai, pakuoti, negreit gendantys maisto produktai, smulkios pramoninės prekės, pakuoti ledai",K 280,"9,6"
340,"2018 06 01-30, 07 01-31, 08 01-31",,UAB „Kauno spauda“,135520314,K.Donelaičio g. 46,prie Žiemgalių g. 3 E,Smėliai,"Spaudos gaminiai, pakuoti, negreit gendantys maisto produktai, smulkios pramoninės prekės, pakuoti ledai",K 281,"9,6"
341,"2018 06 01-30, 07 01-31, 08 01-31",,UAB „Kauno spauda“,135520314,K.Donelaičio g. 46,prie K. Baršausko g. 51 (53),Gričiupis,"Spaudos gaminiai, pakuoti, negreit gendantys maisto produktai, smulkios pramoninės prekės, pakuoti ledai",K 282,9.00
342,"2018 06 01-30, 07 01-31, 08 01-31, 09 01-30, 10 01-31, 11 01-30, 12 01-31",,UAB „Kauno spauda“,135520314,K.Donelaičio g. 46,prie Savanorių pr. 319,Kalniečiai,"Spaudos gaminiai, pakuoti, negreit gendantys maisto produktai, smulkios pramoninės prekės, pakuoti ledai",K 283,"6,5"
343,"2018 06 01-30, 07 01-31, 08 01-31, 09 01-30, 10 01-31, 11 01-30, 12 01-31",,UAB „Kauno spauda“,135520314,K.Donelaičio g. 46,prie Vytauto pr. 49,Naujamiestis,"Spaudos gaminiai, pakuoti, negreit gendantys maisto produktai, smulkios pramoninės prekės, pakuoti ledai",K 285,"6,5"
344,"2018 06 01-30, 07 01-31, 08 01-31, 09 01-30, 10 01-31, 11 01-30, 12 01-31",,UAB „Kauno spauda“,135520314,K.Donelaičio g. 46,prie Raudondvario pl. 186,Veršvai,"Spaudos gaminiai, pakuoti, negreit gendantys maisto produktai, smulkios pramoninės prekės, pakuoti ledai",K 286,"9,6"
345,"2018 06 01-30, 07 01-31, 08 01-31, 09 01-30, 10 01-31, 11 01-30, 12 01-31",,UAB „Kauno spauda“,135520314,K.Donelaičio g. 46,prie Sukilėlių pr. 88,Eiguliai,"Spaudos gaminiai, pakuoti, negreit gendantys maisto produktai, smulkios pramoninės prekės, pakuoti ledai",K 287,9.00
346,"2018 06 01-30, 07 01-31, 08 01-31, 09 01-30, 10 01-31, 11 01-29",,UAB „Kauno spauda“,135520314,K.Donelaičio g. 46,prie Šarkuvos g. 1 A,Milikoniai,"Spaudos gaminiai, pakuoti, negreit gendantys maisto produktai, smulkios pramoninės prekės, pakuoti ledai",K 290,"13,22"
347,"2018 06 01-30, 07 01-31, 08 01-31, 09 01-30, 10 01-31, 11 01-30, 12 01-31",,UAB „Kauno spauda“,135520314,K.Donelaičio g. 46,prie Savanorių pr. 214 (216),Dainava,"Spaudos gaminiai, pakuoti, negreit gendantys maisto produktai, smulkios pramoninės prekės, pakuoti ledai",K 291,"9,6"
348,"2018 06 01-30, 07 01-31, 08 01-31, 09 01-30, 10 01-31, 11 01-30, 12 01-31",,UAB „Kauno spauda“,135520314,K.Donelaičio g. 46,prie Savanorių pr. 360,Dainava,"Spaudos gaminiai, pakuoti, negreit gendantys maisto produktai, smulkios pramoninės prekės, pakuoti ledai",K 292,"9,6"
349,"2018 06 01-30, 07 01-31, 08 01-31, 09 01-30, 10 01-31, 11 01-26",,UAB „Kauno spauda“,135520314,K.Donelaičio g. 46,prie Savanorių pr. 375,Eiguliai,"Spaudos gaminiai, pakuoti, negreit gendantys maisto produktai, smulkios pramoninės prekės, pakuoti ledai",K 293,"13,22"
350,"2018 06 01-30, 07 01-31, 08 01-31",,UAB „Kauno spauda“,135520314,K.Donelaičio g. 46,prie Savanorių pr. 435,Eiguliai,"Spaudos gaminiai, pakuoti, negreit gendantys maisto produktai, smulkios pramoninės prekės, pakuoti ledai",K 294,"9,6"
351,"2018 06 01-30, 07 01-31, 08 01-31",,UAB „Kauno spauda“,135520314,K.Donelaičio g. 46,prieš Kovo 11-osios g. 58,Gričiupis,"Spaudos gaminiai, pakuoti, negreit gendantys maisto produktai, smulkios pramoninės prekės, pakuoti ledai",K 295,6.00
352,"2018 06 01-30, 07 01-31, 08 01-31, 09 01-30, 10 01-31, 11 01-30, 12 01-31",,UAB „Kauno spauda“,135520314,K.Donelaičio g. 46,prieš Savanorių pr. 137,Žaliakalnis,"Spaudos gaminiai, pakuoti, negreit gendantys maisto produktai, smulkios pramoninės prekės, pakuoti ledai",K 296,6.00
353,"2018 06 01-30, 07 01-31, 08 01-31, 09 01-30, 10 01-31, 11 01-30, 12 01-31",,UAB „Kauno spauda“,135520314,K.Donelaičio g. 46,prie P. Lukšio g. 60,Eiguliai,"Spaudos gaminiai, pakuoti, negreit gendantys maisto produktai, smulkios pramoninės prekės, pakuoti ledai",K 297,15.00
354,"2018 06 01-30, 07 01-31, 08 01-31, 09 01-30, 10 01-31, 11 01-30, 12 01-31",,UAB „Kauno spauda“,135520314,K.Donelaičio g. 46,prie Draugystės g. 5 D,Dainava,"Spaudos gaminiai, pakuoti, negreit gendantys maisto produktai, smulkios pramoninės prekės, pakuoti ledai",K 298,"9,6"
355,"2018 06 01-30, 07 01-31, 08 01-31, 09 01-30, 10 01-31, 11 01-30, 12 01-31",,UAB „Kauno spauda“,135520314,K.Donelaičio g. 46,prie V. Krėvės pr. 52,Dainava,"Spaudos gaminiai, pakuoti, negreit gendantys maisto produktai, smulkios pramoninės prekės, pakuoti ledai",K 299,"9,6"
356,"2018 06 01-30, 07 01-31, 08 01-31, 09 01-30, 10 01-31, 11 01-30, 12 01-31",,UAB „Kauno spauda“,135520314,K.Donelaičio g. 46,prie V. Krėvės pr. 111,Dainava,"Spaudos gaminiai, pakuoti, negreit gendantys maisto produktai, smulkios pramoninės prekės, pakuoti ledai",K 300,"6,3"
357,"2018 06 01-30, 07 01-31, 08 01-31, 09 01-30, 10 01-31, 11 01-30, 12 01-31",,UAB „Kauno spauda“,135520314,K.Donelaičio g. 46,prie Šiaurės pr. 22,Eiguliai,"Spaudos gaminiai, pakuoti, negreit gendantys maisto produktai, smulkios pramoninės prekės, pakuoti ledai",K 301,"9,6"
358,"2018 06 01-30, 07 01-31, 08 01-31, 09 01-30, 10 01-31, 11 01-30, 12 01-31",,UAB „Kauno spauda“,135520314,K.Donelaičio g. 46,prie V. Krėvės pr. 7 (11),Dainava,"Spaudos gaminiai, pakuoti, negreit gendantys maisto produktai, smulkios pramoninės prekės, pakuoti ledai",K 302,"8,45"
359,"2018 06 01-30, 07 01-31, 08 01-31, 09 01-30, 10 01-31, 11 01-30, 12 01-31",,UAB „Kauno spauda“,135520314,K.Donelaičio g. 46,prie Šiaurės pr. 99,Eiguliai,"Spaudos gaminiai, pakuoti, negreit gendantys maisto produktai, smulkios pramoninės prekės, pakuoti ledai",K 303,"9,6"
360,"2018 06 01-30, 07 01-31, 08 01-31, 09 01-30, 10 01-31, 11 01-30, 12 01-31",,UAB „Kauno spauda“,135520314,K.Donelaičio g. 46,prie Vytauto pr. 6,Naujamiestis,"Spaudos gaminiai, pakuoti, negreit gendantys maisto produktai, smulkios pramoninės prekės, pakuoti ledai",K 304,"8,4"
361,"2018 06 01-30, 07 01-31, 08 01-31, 09 01-30, 10 01-31, 11 01-30, 12 01-31",,UAB „Kauno spauda“,135520314,K.Donelaičio g. 46,prie Savanorių pr. 118,Žaliakalnis,"Spaudos gaminiai, pakuoti, negreit gendantys maisto produktai, smulkios pramoninės prekės, pakuoti ledai",K 305,9.00
362,"2018 06 01-30, 07 01-31, 08 01-31",,UAB „Kauno spauda“,135520314,K.Donelaičio g. 46,prie Kovo 11-osios g. 67,Dainava,"Spaudos gaminiai, pakuoti, negreit gendantys maisto produktai, smulkios pramoninės prekės, pakuoti ledai",K 306,"5,17"
363,"2018 06 01-30, 07 01-31, 08 01-31, 09 01-30, 10 01-31, 11 01-30, 12 01-31",,UAB „Kauno spauda“,135520314,K.Donelaičio g. 46,prie Varnių g. 43,Panerys,"Spaudos gaminiai, pakuoti, negreit gendantys maisto produktai, smulkios pramoninės prekės, pakuoti ledai",K 307,"7,5"
364,"2018 06 01-30, 07 01-31, 08 01-31, 09 01-30, 10 01-31, 11 01-30, 12 01-31",,UAB „Kauno spauda“,135520314,K.Donelaičio g. 46,prie Jonavos g. 3,Senamiestis,"Spaudos gaminiai, pakuoti, negreit gendantys maisto produktai, smulkios pramoninės prekės, pakuoti ledai",K 308,"9,6"
365,"2018 06 01-30, 07 01-31, 08 01-31, 09 01-30, 10 01-31, 11 01-30, 12 01-31",,UAB „Kauno spauda“,135520314,K.Donelaičio g. 46,prie Kovo 11-osios g. 22,Gričiupis,"Spaudos gaminiai, pakuoti, negreit gendantys maisto produktai, smulkios pramoninės prekės, pakuoti ledai",K 309,"9,6"
366,"2018 06 01-30, 07 01-31, 08 01-31, 09 01-30, 10 01-31, 11 01-30, 12 01-31",,UAB „Kauno spauda“,135520314,K.Donelaičio g. 46,prieš V. Krėvės pr. 13,Dainava,"Spaudos gaminiai, pakuoti, negreit gendantys maisto produktai, smulkios pramoninės prekės, pakuoti ledai",K 310,15.00
367,"2018 06 01-30, 07 01-31, 08 01-31, 09 01-30, 10 01-31, 11 01-30, 12 01-31",,UAB „Kauno spauda“,135520314,K.Donelaičio g. 46,prie Kovo 11-osios g. 84,Dainava,"Spaudos gaminiai, pakuoti, negreit gendantys maisto produktai, smulkios pramoninės prekės, pakuoti ledai",K 311,"9,6"
368,"2018 06 01-30, 07 01-31, 08 01-31, 09 01-30, 10 01-31, 11 01-30, 12 01-31",,UAB „Kauno spauda“,135520314,K.Donelaičio g. 46,prie A. Baranausko g. 31,Gričiupis,"Spaudos gaminiai, pakuoti, negreit gendantys maisto produktai, smulkios pramoninės prekės, pakuoti ledai",K 312,6.00
370,"2018 06 01-30, 07 01-31, 08 01-31",,UAB „Kauno spauda“,135520314,K.Donelaičio g. 46,prie Vidurinės g. 1,Vilijampolė,"Spaudos gaminiai, pakuoti, negreit gendantys maisto produktai, smulkios pramoninės prekės, pakuoti ledai",K 314,6.00
371,"2018 06 01-30, 07 01-31, 08 01-31",,UAB „Kauno spauda“,135520314,K.Donelaičio g. 46,prie Taikos pr. 75,Dainava,"Spaudos gaminiai, pakuoti, negreit gendantys maisto produktai, smulkios pramoninės prekės, pakuoti ledai",K 315,9.00
372,"2018 06 01-30, 07 01-31, 08 01-31",,UAB „Kauno spauda“,135520314,K.Donelaičio g. 46,prie A. Mickevičiaus g. 50,Naujamiestis,"Spaudos gaminiai, pakuoti, negreit gendantys maisto produktai, smulkios pramoninės prekės, pakuoti ledai",K 317,"9,6"
373,"2018 06 01-30, 07 01-31, 08 01-31, 09 01-30, 10 01-31, 11 01-30, 12 01-31",,UAB „Kauno spauda“,135520314,K.Donelaičio g. 46,prie T. Masiulio g. 9,Petrašiūnai,"Spaudos gaminiai, pakuoti, negreit gendantys maisto produktai, smulkios pramoninės prekės, pakuoti ledai",K 318,"9,6"
374,"2018 06 01-30, 07 01-31, 08 01-31, 09 01-30, 10 01-31, 11 01-30, 12 01-31",,UAB „Kauno spauda“,135520314,K.Donelaičio g. 46,prie Sukilėlių pr. 75,Eiguliai,"Spaudos gaminiai, pakuoti, negreit gendantys maisto produktai, smulkios pramoninės prekės, pakuoti ledai",K 320,"9,6"
375,"2018 06 01-30, 07 01-31, 08 01-31, 09 01-30, 10 01-31, 11 01-30, 12 01-31",,UAB „Kauno spauda“,135520314,K.Donelaičio g. 46,prie Baltų pr. 7,Smėliai,"Spaudos gaminiai, pakuoti, negreit gendantys maisto produktai, smulkios pramoninės prekės, pakuoti ledai",K 324,"9,6"
376,"2018 06 01-30, 07 01-31, 08 01-31, 09 01-30, 10 01-31, 11 01-30, 12 01-31",,UAB „Kauno spauda“,135520314,K.Donelaičio g. 46,prieš Draugystės g. 17,Naujasodis,"Spaudos gaminiai, pakuoti, negreit gendantys maisto produktai, smulkios pramoninės prekės, pakuoti ledai",K 325,"9,6"
377,"2018 06 04-30, 07 01-31, 08 01-31, 09 01",,Ryčio Žurkevičiaus firma,133488825,Demokratų g. 40-18,prie Taikos pr. 113,Dainava,"Fasuoti, negreit gendantys maisto produktai, vaisiai ir daržovės",K 183,"21,5"
378,"2018 06 01-30, 07 01-31, 08 01-16",,Fizinis asmuo,***,***,prie Partizanų g. 54,Dainava,"Drabužių siuvimas, taisymas",K 069,34.00
379,"2018 06 01-30, 07 01-31, 08 01-31",,Fizinis asmuo,***,***,prie V. Krėvės pr. 52,Dainava,"Vaisiai, daržovės, fasuotos maisto prekės",K 024,15.00
383,"2018 06 05-30, 07 01-31, 08 01-31, 09 01-03",,Fizinis asmuo,***,***,prie S. Daukanto g. 17,Naujamiestis,Gėlės,K 108,"6,77"
384,"2018 06 06-30, 07 01-31, 08 01-31, 09 01-18",,Fizinis asmuo,***,***,prie R. Kalantos g. 88 A,Petrašiūnai,"Fasuoti, negreit gendantys maisto produktai. Kiaušiniai, kiaušinių produktai. Ledai",K 116,"13,54"
385,"2018 06 10-30, 07 01-31, 08 01-31, 09 01-30, 10 01-31, 11 01-30, 12 01-31; 2019 01 01-31, 02 01-28, 03 01-31, 04 01-30, 05 01-31, 06 01-30, 07 01-31, 08 01-31, 09 01-03",,Algio Karčiausko įmonė,132717712,Tekstilininkų g. 15-1,prie Kuršių g. 38,Milikoniai,Žūklės reikmenys,K 321,"9,6"
386,"2018 06 05-30, 07 01-31, 08 01-31, 09 01-02",,V. Ruškienės įmonė,134391051,Plento g. 10A-18,prie Plento g. 12,Panemunė,"Fasuoti maisto produktai, vaisiai, daržovės, duonos ir pieno gaminiai",K 065,"21,43"
387,"2018 06 06-30, 07 01-31, 08 01-31, 09 01-30, 10 01-31, 11 01-30, 12 01-31",,UAB „Kauno spauda“,135520314,K.Donelaičio g. 46,prie Kęstučio g. 12,Naujamiestis,"Spaudos gaminiai, pakuoti, negreit gendantys maisto produktai, smulkios pramoninės prekės, pakuoti ledai",K 198,"7,5"
388,"2018 06 06-30, 07 01-31, 08 01-31, 09 01-30, 10 01-31, 11 01-30, 12 01-31",,UAB „Kauno spauda“,135520314,K.Donelaičio g. 46,prie A. Mickevičiaus g. 21,Naujamiestis,"Spaudos gaminiai, pakuoti, negreit gendantys maisto produktai, smulkios pramoninės prekės, pakuoti ledai",K 216,9.00
389,"2018 06 06-30, 07 01-31, 08 01-31, 09 01-03",,UAB „Kauno spauda“,135520314,K.Donelaičio g. 46,prie K. Donelaičio g. 91,Naujamiestis,"Spaudos gaminiai, pakuoti, negreit gendantys maisto produktai, smulkios pramoninės prekės, pakuoti ledai",K 243,9.00
390,"2018 06 06-30, 07 01-31, 08 01-31, 09 01-30, 10 01-31, 11 01-30, 12 01-31",,UAB „Kauno spauda“,135520314,K.Donelaičio g. 46,prie S. Daukanto g. 17,Naujamiestis,"Spaudos gaminiai, pakuoti, negreit gendantys maisto produktai, smulkios pramoninės prekės, pakuoti ledai",K 270,"12,1"
391,"2018 06 06-30, 07 01-31, 08 01-31, 09 01-30, 10 01-31, 11 01-30, 12 01-31",,UAB „Kauno spauda“,135520314,K.Donelaičio g. 46,prie M. K. Čiurlionio g. 16,Žemieji Šančiai,"Spaudos gaminiai, pakuoti, negreit gendantys maisto produktai, smulkios pramoninės prekės, pakuoti ledai",K 278,"8,5"
392,"2018 06 06-30, 07 01-31, 08 01-31, 09 01-03",,UAB „Kauno spauda“,135520314,K.Donelaičio g. 46,prie A. Mickevičiaus g. 36,Naujamiestis,"Spaudos gaminiai, pakuoti, negreit gendantys maisto produktai, smulkios pramoninės prekės, pakuoti ledai",K 316,6.00
393,"2018 06 06-30, 07 01-31, 08 01-31, 09 01-30, 10 01-31, 11 01-30, 12 01-31",,UAB „Kauno spauda“,135520314,K.Donelaičio g. 46,prie Kęstučio g. 85,Naujamiestis,"Spaudos gaminiai, pakuoti, negreit gendantys maisto produktai, smulkios pramoninės prekės, pakuoti ledai",K 319,"6,5"
394,"2018 06 06-30, 07 01-31, 08 01-31, 09 01-30, 10 01-31, 11 01-30, 12 01-31",,UAB „Kauno spauda“,135520314,K.Donelaičio g. 46,prie Laisvės al. 19,Naujamiestis,"Spaudos gaminiai, pakuoti, negreit gendantys maisto produktai, smulkios pramoninės prekės, pakuoti ledai",K 323,9.00
395,"2018 06 06-30, 07 01-31, 08 01-31, 09 01-30, 10 01-31, 11 01-30, 12 01-31",,UAB „Kauno spauda“,135520314,K.Donelaičio g. 46,prie Gedimino g. 32,Naujamiestis,"Spaudos gaminiai, pakuoti, negreit gendantys maisto produktai, smulkios pramoninės prekės, pakuoti ledai",K 464,"9,6"
396,"2018 06 06-30, 07 01-31, 08 01-31, 09 01-03",,UAB „Kauno spauda“,135520314,K.Donelaičio g. 46,prie A. Juozapavičiaus pr. 47,Žemieji Šančiai,"Spaudos gaminiai, pakuoti, negreit gendantys maisto produktai, smulkios pramoninės prekės, pakuoti ledai",K 204,"9,6"
397,"2018 06 06-30, 07 01-31, 08 01-31, 09 01-30, 10 01-31, 11 01-30, 12 01-31",,UAB „Kauno spauda“,135520314,K.Donelaičio g. 46,prie Gedimino g. 36 (perkelta iš Nepriklausomybės a. 13),Naujamiestis,"Spaudos gaminiai, pakuoti, negreit gendantys maisto produktai, smulkios pramoninės prekės, pakuoti ledai",K 260,15.00
398,"2018 06 08-30, 07 01-31, 08 01-31, 09 01-05",,Fizinis asmuo,***,***,prie V. Krėvės pr. 97A,Dainava,"Mėsa ir jos gaminiai, fasuotos maisto prekės",K 478,18.00
399,"2018 06 08-30, 07 01-31, 08 01-31, 09 01-05",,UAB „Aušrina“,300047095,V.Krėvės pr. 26-28,prie Verkių g. / Prancūzų g. sankryžos,Aukštieji Šančiai,"Pakuoti maisto produktai, pienas, duona ir jų gaminiai (kioskas Nr.1 ir kioskas Nr. 2)",K 447,"25,42"
400,"2018 06 08-30, 07 01-31, 08 01-31, 09 01-05",,Fizinis asmuo,***,***,prie Žemaičių  pl. 23,Smėliai,"Mėsos gaminiai, fasuoti maisto produktai",K 060,"14,4"
401,"2018 06 12-30, 07 01-31, 08 01-31, 09 01-09",,Fizinis asmuo,***,***,prie R. Kalantos g. 121,Petrašiūnai,"Vaisiai, daržovės, fasuotos maisto prekės",K 114,15.00
402,"2018 06 12-30, 07 01-31, 08 01-31, 09 01-09",,Fizinis asmuo,***,***,prie K. Baršausko g. 66,Gričiupis,Pramoninės prekės,K 083,"25,45"
403,"2018 06 12-30, 07 01-31, 08 01-31, 09 01-09",,Fizinis asmuo,***,***,prie V. Krėvės pr. 8,Dainava,"Vaisiai, daržovės, fasuoti maisto produktai",K 117,15.00
404,"2018 06 12-30, 07 01-31, 08 01-31, 09 01-09",,Fizinis asmuo,***,***,prie V. Krėvės pr. 15,Dainava,"Vaisiai, daržovės, fasuoti maisto produktai",K 017,12.00
405,"2018 06 11-30, 07 01-31, 08 01-31, 09 01-08",,Fizinis asmuo,***,***,prie T. Masiulio g. / M. Gimbutienės g. sankryžos,Petrašiūnai,"Vaisiai, daržovės",K 110,"20,7"
406,"2018 06 11-30, 07 01-31, 08 01-31, 09 01-08",,Fizinis asmuo,***,***,prie V. Krėvės pr. 97A,Dainava,"Vaisiai, daržovės",K 111,"19,58"
407,"2018 06 11-30, 07 01-31, 08 01-31, 09 01-30, 10 01-31, 11 01-30, 12 01-31",,Fizinis asmuo,***,***,prie V. Krėvės pr. 18,Dainava,Viešojo maitinimo paslaugos (ribotas asortimentas),K 143,"48,29"
408,"2018 06 11-30, 07 01-31, 08 01-31, 09 01-08",,Fizinis asmuo,***,***,prie T. Masiulio g. 9,Petrašiūnai,Viešojo maitinimo paslaugos (ribotas asortimentas),K 122,15.00
409,"2018 06 12-30, 07 01-31, 08 01-31, 09 01-09",,Gintarės Budrienės IĮ,304529420,Pramonės pr. 53-18,prie S. Žukausko g. 19,Eiguliai,Viešojo maitinimo paslaugos,K 451,"29,7"
410,"2018 06 16-30, 07 01-31, 08 01-30",,Fizinis asmuo,***,***,prie V. Krėvės pr. 97,Dainava,"Duona, pienas ir jų gaminiai, fasuotos maisto prekės",K 130,"34,28"
411,"2018 06 15-30, 07 01-31, 08 01-31, 09 01-12",,Fizinis asmuo,***,***,prie Kovo 11-osios g. 69,Dainava,"Vaisiai, daržovės, fasuoti negreit gendantys maisto produktai",K 142,"20,5"
412,"2018 06 18-30, 07 01-31, 08 01-31, 09 01-30, 10 01-31, 11 01-30, 12 01-31; 2019 01 01-31, 02 01-28, 03 01-31, 04 01-30, 05 01-31, 06 01-17",,Akcinė bendrovė Lietuvos paštas,121215587,"J. Jasinskio g. 16, Vilnius",prie K. Petrausko g. / Savanorių pr. 172 sankryžos,Žaliakalnis,Finansinės ir tarpininkavimo paslaugos,K 032,"15,87"
413,"2018 06 18-30, 07 01-31, 08 01-31, 09 01-30, 10 01-31, 11 01-30, 12 01-31; 2019 01 01-31, 02 01-28, 03 01-31, 04 01-30, 05 01-31, 06 01-17",,Akcinė bendrovė Lietuvos paštas,121215587,"J. Jasinskio g. 16, Vilnius",prie R. Kalantos g. 131,Petrašiūnai,Finansinės ir tarpininkavimo paslaugos,K 034,"15,87"
414,"2018 06 18-30, 07 01-31, 08 01-31, 09 01-30, 10 01-31, 11 01-30, 12 01-31; 2019 01 01-31, 02 01-28, 03 01-31, 04 01-30, 05 01-31, 06 01-17",,Akcinė bendrovė Lietuvos paštas,121215587,"J. Jasinskio g. 16, Vilnius",prie Kovo 11-osios g. / Chemijos g. sankryžos,Gričiupis,Finansinės ir tarpininkavimo paslaugos,K 035,"15,87"
415,"2018 06 18-30, 07 01-31, 08 01-31, 09 01-30, 10 01-31, 11 01-30, 12 01-31; 2019 01 01-31, 02 01-28, 03 01-31, 04 01-30, 05 01-31, 06 01-17",,Akcinė bendrovė Lietuvos paštas,121215587,"J. Jasinskio g. 16, Vilnius",prie Savanorių pr. / P. Lukšio g. sankryžos,Eiguliai,Finansinės ir tarpininkavimo paslaugos,K 038,"15,87"
416,"2018 06 18-30, 07 01-31, 08 01-31, 09 01-30, 10 01-31, 11 01-30, 12 01-31; 2019 01 01-31, 02 01-28, 03 01-31, 04 01-30, 05 01-31, 06 01-17",,Akcinė bendrovė Lietuvos paštas,121215587,"J. Jasinskio g. 16, Vilnius",prieš V. Krėvės pr. 95,Dainava,Finansinės ir tarpininkavimo paslaugos,K 039,"15,87"
417,"2018 06 18-30, 07 01-31, 08 01-31, 09 01-30, 10 01-31, 11 01-30, 12 01-31; 2019 01 01-31, 02 01-28, 03 01-31, 04 01-30, 05 01-31, 06 01-17",,Akcinė bendrovė Lietuvos paštas,121215587,"J. Jasinskio g. 16, Vilnius",prie Varnių g. 40,Vilijampolė,Finansinės ir tarpininkavimo paslaugos,K 042,"8,37"
418,"2018 07 01-31, 08 01-31, 09 01-30, 10 01-31, 11 01-30, 12 01-21",,Fizinis asmuo,***,***,prie A. Kriščiukaičio g. 5A,Vilijampolė,Avalynės taisykla,K 419,12.00
419,"2018 06 19-30, 07 01-31, 08 01-31, 09 01-16",,Fizinis asmuo,***,***,prie S. Daukanto g. 6,Naujamiestis,"Vaisiai, daržovės",K 352,"8,54"
420,"2018 07 05-31, 08 01-31, 09 01-30, 10 01-31, 11 01-30, 12 01-31",,UAB „Kauno spauda“,135520314,K.Donelaičio g. 46,prie Žemaičių pl. 23,Kalniečiai,"Spaudos gaminiai, fasuotos maisto ir pramoninės prekės",K 313,"13,22"
421,"2018 07 05-31, 08 01-31, 09 01-30, 10 01-31, 11 01-30, 12 01-31",,UAB „Kauno spauda“,135520314,K.Donelaičio g. 46,prie Laisvės al. 89,Naujamiestis,"Spaudos gaminiai, fasuotos maisto ir pramoninės prekės",K 239,15.00
422,"2018 07 05-31, 08 01-31, 09 01-30, 10 01-31, 11 01-30, 12 01-31",,UAB „Kauno spauda“,135520314,K.Donelaičio g. 46,prie Savanorių pr. 346,Dainava,"Spaudos gaminiai, fasuotos maisto ir pramoninės prekės",K 232,15.00
423,"2018 06 21-30, 07 01-31, 08 01-31, 09 01-18",,Fizinis asmuo,***,***,prie P. Lukšio g. 1B,Petrašiūnai,"Gėlės, pramoninės prekės",K 437,"32,4"
424,"2018 07 01-31, 08 01-27",,UAB „Rimsena“,300022074,Kaimynų g. 9,prie V. Krėvės pr. 97,Dainava,"Mėsa ir jos gaminiai, kiaušiniai ir jų gaminiai, fasuotos maisto prekės",K 153,15.00
425,"2018 07 01-31, 08 01-27",,UAB „Rimsena“,300022074,Kaimynų g. 9,prie Varnių g. 40,Vilijampolė,"Mėsa ir jos gaminiai, kiaušiniai ir jų gaminiai, fasuotos maisto prekės",K 155,"30,1"
426,"2018 07 01-31, 08 01-27",,UAB „Rimsena“,300022074,Kaimynų g. 9,prie V. Krėvės pr. 65 ,Dainava,"Mėsa ir jos gaminiai, kiaušiniai ir jų gaminiai, fasuotos maisto prekės",K 157,"30,2"
427,"2018 07 01-31, 08 01-27",,UAB „Rimsena“,300022074,Kaimynų g. 9,prie Šiaurės pr. 91,Eiguliai,"Mėsa ir jos gaminiai, kiaušiniai ir jų gaminiai, fasuotos maisto prekės",K 156,"27,95"
428,"2018 07 02-31, 08 01-31, 09 01-30",,MB „AUGJEMA“,302913116,Savanorių pr. 170-13,prie Kovo 11-osios g. 69,Dainava,Viešojo maitinimo paslaugos (ribotas asortimentas),K 120,"13,44"
429,"2018 07 01-31, 08 01-28",,P. Rugio įmonė „Broliai juodvarniai“,133061442,Varnių g. 44-31,prie V. Krėvės pr. 11,Dainava,Viešojo maitinimo patiekalai (kebabinė  - ribotas asortimentas),K 029,52.00
430,"2018 06 30, 07 01-31, 08 01-31, 09 01-30, 10 01-31, 11 01-30, 12 01-30",,UAB „Kauno spauda“,135520314,K.Donelaičio g. 46,prie R. Kalantos g. 119,Panemunė,"Spaudos gaminiai, pakuoti, negreit gendantys maisto produktai, smulkios pramoninės prekės, pakuoti ledai",K 567,9.00
431,"2018 07 01-31, 08 01-31, 09 01-30",,Fizinis asmuo,***,***,prie Alaušo g. 22 (Sartų g. / Alaušo g. sankryža),Dainava,Gėlės,K 088,"9,24"
432,"2018 07 10-31, 08 01-31, 09 01-30, 10 01-31, 11 01-30, 12 01-21",,Fizinis asmuo,***,***,prie S. Žukausko g. 14,Eiguliai,Avalynės taisymas,K 148,"13,05"
433,"2018 07 10-31, 08 01-31, 09 01-30, 10 01-31, 11 01-13",,Fizinis asmuo,***,***,prie Šiaurės pr. 91,Eiguliai,Avalynės taisymas,K 057,12.00
434,"2018 07 02-31, 08 01-31, 09 01-30, 10 01",,Fizinis asmuo,***,***,prie Eivenių g. 2,Kalniečiai,Pramoninės prekės,K 128,6.00
435,"2018 07 02-31, 08 01-31, 09 01-30, 10 01-17",,Fizinis asmuo,***,***,prie Vilniaus g. 66,Senamiestis,Daržovės. Vaisiai.,K 195,8.00
436,"2018 07 02-31, 08 01-31, 09 01-30",,Fizinis asmuo,***,***,prie Laisvės al. / I. Kanto g. sankryžos,Naujamiestis,"Pakuoti, negreit gendantys maisto produktai, vaisiai, daržovės",K 196,"6,24"
437,"2018 07 03-31, 08 01-31, 09 01-30",,J. Jablonskio firma „Meknė“,134603910,Partizanų g. 186-7,prie Partizanų g. 54A ,Dainava,Pramoninės prekės (turizmo ir žvejybos reikmenys),K 078,"61,8"
438,"2018 07 04-31, 08 01-31, 09 01-30, 10 01",,Fizinis asmuo,***,***,prie Eivenių g. 2,Kalniečiai,"Fasuotos maisto prekės, vaisiai, daržovės, viešojo maitinimo paslaugos",K 132,15.00
439,"2018 07 03-31, 08 01-31, 09 01-30, 10 01-02",,Fizinis asmuo,***,***,prie Studentų g. 8,Gričiupis,Gėlės,K 139,"14,1"
440,"2018 07 04-31, 08 01-31, 09 01-30, 10 01-03",,Fizinis asmuo,***,***,prie Savanorių pr.  / Algirdo g. sankryžos,Žaliakalnis,"Duona, mėsa, pienas ir jų gaminiai. Fasuotos maisto prekės. ",K 176,"24,6"
441,"2018 07 03-31, 08 01-31, 09 01-30, 10 01-09",,Fizinis asmuo,***,***,prie Mažosios g. / Kampiškių g. sankryžos,Panemunė,"Fasuoti, negreit gendantys maisto produktai, vaisiai, daržovės, gėlės",K 053,"7,54"
442,"2018 07 03-31, 08 01-31, 09 01-30, 10 01-10",,Fizinis asmuo,***,***,prie V. Krėvės pr. 65,Dainava,"Vaisiai, daržovės",K 351,"18,9"
443,"2018 07 04-31, 08 01-31, 09 01-30, 10 01",,Fizinis asmuo,***,***,prie Eivenių g. 2,Kalniečiai,"Kava, ledai, vaisiai, fasuotos maisto prekės, vaisvandeniai, daržovės",K 080,11.00
444,"2018 07 09-31, 08 01-31, 09 01-30, 10 01-06",,Fizinis asmuo,***,***,prie Eivenių g. 2,Kalniečiai,"Kava, ledai, vaisiai, fasuotos maisto prekės, vaisvandeniai, daržovės",K 079,9.00
445,"2018 07 17-31, 08 01-31, 09 01-30, 10 01-28",,UAB „Akite“,302867423,Taikos pr. 88A,prie P. Plechavičiaus g. 1,Eiguliai,Viešojo maitinimo patiekalai (ribotas asortimentas),K 027,"21,66"
446,"2018 07 11-31, 08 01-31, 09 01-30, 10 01-08",,Fizinis asmuo,***,***,prie V. Krėvės pr. 8,Gričiupis,Žuvys ar jų produktai,K 445,"9,37"
447,"2018 07 11-31, 08 01-31, 09 01-30, 10 01-08",,Fizinis asmuo,***,***,prie A. Stulginskio g. 61,Vilijampolė,Gėlės,K 415,"21,5"
448,"2018 07 13-31, 08 01-31, 09 01-30, 10 01-10",,Fizinis asmuo,***,***,prie Tvirtovės al. 12A,Vilijampolė,Pramoninės prekės,K 234,5.00
449,"2018 07 16-31, 08 01-31, 09 01-30, 10 01-31, 11 01-30, 12 01-31",,Fizinis asmuo,***,***,"prie Sukilėlių pr. 84, netoli mokyklos ""Anima""",Eiguliai,"Kiaušiniai, kiaušinių produktai. Vaisiai. Daržovės. Fasuoti negreit gendantys maisto produktai",K 344,"19,97"
450,"2018 07 13-31, 08 01-31, 09 01-30, 10 01-31, 11 01-02",,UAB „ Senjorai“,135035396,Savanorių pr. 290A,Kalniečių parkas (turistinis paviljonas),Eiguliai,Viešojo maitinimo paslaugos,K 599,"107,4"
451,"2018 07 16-31, 08 01-31, 09 01-12",,Fizinis asmuo,***,***,prie Šarkuvos g. 13,Milikoniai,"Vaisiai, daržovės, fasuoti negreit gendantys maisto produktai",K 554,"14,98"
452,"2018 07 17-31, 08 01-31, 09 01-30, 10 01-31, 11 01-30, 12 01-06",,Fizinis asmuo,***,***,prie V. Krėvės pr. 7 ,Dainava,"Duona ir jos gaminiai. Vaisiai, daržovės. Pienas, pieno produktai. Fasuoti maisto produktai",K 455,"12,5"
453,"2018 08 06-31, 09 01-30, 10 01-31, 11 01-30, 12 01-31",,UAB „Kauno spauda“,135520314,K.Donelaičio g. 46,prie Kęstučio g. 55 (53),Naujamiestis,"Spaudos gaminiai, pakuoti, negreit gendantys maisto produktai, smulkios pramoninės prekės, pakuoti ledai",K 223,"13,22"
454,"2018 07 25-31, 08 01-31, 09 01-30, 10 01-31, 11 01-30, 12 01-31",,UAB „Kauno spauda“,135520314,K.Donelaičio g. 46,prie Šarkuvos g. 22,Milikoniai,"Spaudos gaminiai, pakuoti, negreit gendantys maisto produktai, smulkios pramoninės prekės, pakuoti ledai",K 465,"7,5"
455,"2018 08 22-31, 09 01-30, 10 01-31, 11 01-30, 12 01-31",,UAB „Kauno spauda“,135520314,K.Donelaičio g. 46,prie Maironio g. 26,Naujamiestis,"Spaudos gaminiai, pakuoti, negreit gendantys maisto produktai, smulkios pramoninės prekės, pakuoti ledai",K 267,6.00
456,"2018 07 19-31, 08 01-31, 09 01-30, 10 01-18",,R. Burneikienės firma,134336382,V. Krėvės pr. 3-55,prie Sukilėlių pr. 73B,Senamiestis,"Pramoninės prekės. Gėlės, spauda",K 585,60.00
457,"2018 07 20-31, 08 01-31, 09 01-30, 10 01-17",,Fizinis asmuo,***,***,prie Vandžiogalos g. 20,Sargėnai,Viešojo maitinimo paslaugos,K 203,"8,45"
458,"2018 07 23-31, 08 01-09",,Fizinis asmuo,***,***,prie Partizanų g. 166,Dainava,"Duona ir jos produktai. Mėsa ir jos produktai. Fasuotos maisto prekės. Vaisiai, daržovės",K 071,15.00
459,"2018 08 13-31, 09 01-30, 10 01-31, 11 01-30, 12 01-31",,Fizinis asmuo,***,***,prie Žemaičių pl. 23,Milikoniai,"Vaisiai, daržovės",K 009,9.00
460,"2018 09 01-30, 10 01-02",,Fizinis asmuo,***,***,prie V. Krėvės pr. 52,Dainava,"Vaisiai, daržovės, fasuotos maisto prekės",K 024,15.00
696,"2017 09 01-30, 10 01-31, 11 01-30, 12 01-31; 2018 01 01-31, 02 01-28, 03 01-31, 04 01-30, 05 01-31, 06 01-30, 07 01-31, 08 01-08",,MB „Virtutė“,303071016,Partizanų g. 61-806 ,prie Tvirtovės al. 35,Kalniečiai,Viešojo maitinimo paslaugos (ribotas asortimentas),K 550,"8,51"
713,"2017 08 22-31, 09 01-30, 10 01-31; 2018 01 05-31, 02 01-28, 03 01-31, 04 01-30, 05 01-31, 06 01-30, 07 01-31, 08 01-13",,UAB „UNO Parks“,302331646,"Pilėnų g. 14. Alytus (reg. Vanagėlio g. 57, Kolonistų k., Alytaus r.)","Gervių g., prie Lampėdžių ežero pakrantės ",Naujamiestis,Bilietai į nuotykių parką,K 592,"43,2"
758,"2017 09 12-30, 10 01-31, 11 01-30, 12 01-31; 2018 01 01-31, 02 01-28, 03 01-31, 04 01-30, 05 01-31, 06 01-30, 07 01-31, 08 01-16",,A.Stepanavičiaus individuali įmonė,134446462,Savanorių pr. 370-20,prie Raudondvario pl. 212 B,Veršvai,"Fasuoti, negreit gendantys maisto produktai, vaisiai, daržovės, ledai, sveriami mėsos ir konditerijos gaminiai",K 005,"24,6"
824,"2017 10 17-21, 23-28, 30-31, 11 02-04, 06-11, 13-18, 20-25, 27-30, 12 01-02, 04-09, 11-16, 18-23, 27-30; 2018 01 02-06, 08-13, 15-20, 22-27, 29-31, 02 01-03, 05-10, 12-15, 17, 19-24, 26-28, 03 01-03, 05-10, 12-17, 19-24, 26-31, 04 03-07, 09-14, 16-21, 23-28, 30, 05 02-05, 07-12, 14-19, 21-26, 28-31, 06 01-02, 04-09, 11-16, 18-23, 25-30, 07 02-05, 07, 09-14, 16-21, 23-28, 30-31, 08 01-04, 06-11, 13-14, 16-18, 20-25, 27-31, 09 01, 03-08, 10-15, 17-22, 24-29, 10 01-03",,UADBB „DRAUDLITA“,135914177,Veiverių g. 150,prie Raudondvario pl. 234,Veršvai,Draudimo paslaugos,K 131,12.00
830,"2017 10 10-31, 11 01-30, 12 01-31; 2018 01 01-31, 02 01-28, 03 01-31, 04 01-30, 05 01-31, 06 01-30, 07 01-31, 08 01-31, 09 01-18",,Algio Karčiausko įmonė,132717712,Tekstilininkų g. 15-1,prie S. Žukausko g. 14,Eiguliai,Žūklės reikmenys,K 255,6.00
946,"2017 11 22-30, 12 01-31; 2018 01 01-31, 02 01-28, 03 01-31, 04 01-30, 05 01-31, 06 01-30, 07 01-31, 08 01-31, 09 01-30, 10 01-18",,Akcinė bendrovė Lietuvos paštas,121215587,"J. Jasinskio g. 16, Vilnius",prieš V. Krėvės pr. 13,Dainava,Finansinės ir kitos AB Lietuvos pašto teikiamos paslaugos,K 033,"8,37"
947,"2017 11 20-30, 12 01-31; 2018 01 01-31, 02 01-28, 03 01-31, 04 01-30, 05 01-31, 06 01-30, 07 01-31, 08 01-31, 09 01-30, 10 01-14",,Akcinė bendrovė Lietuvos paštas,121215587,"J. Jasinskio g. 16, Vilnius",prie A. Juozapavičiaus pr. 56,Žemieji Šančiai,Finansinės ir kitos AB Lietuvos pašto teikiamos paslaugos,K 037,"8,37"
954,"2017 11 29-30, 12 01-31; 2018 01 01-31, 02 01-28, 03 01-31, 04 01-30, 05 01-31, 06 01-30, 07 01-31, 08 01-31, 09 01-30, 10 01-30, 11 01-14",,Uždaroji akcinė draudimo brokerių bendrovė „MAKSIDORA“,125826565,"Pylimo g. 2 / Islandijos g. 6, Vilnius",prie Raudondvario pl. 234,Veršvai,Draudimo paslaugos,K 146,15.00
963,"2017 12 12-31; 2018 01 01-31, 02 01-28, 03 01-31, 04 01-30, 05 01-31, 06 01-30, 07 01-31, 08 01-31, 09 01-30, 10 01-31, 11 01-30, 12 01-11",,Fizinis asmuo,***,***,netoli pastato J. Grušo g. 35,Milikoniai,"Gėlės, puokštės, žvakės",K 570,40.00
987,"2018 01 01-31, 02 01-28, 03 01-31, 04 01-30, 05 01-31, 06 01-30, 07 01-31, 08 01-31, 09 01-30, 10 01-31, 11 01-30, 12 01-31",,Fizinis asmuo,***,***,prie Žemaičių pl. / J. Grušo g. sankryžos,Milikoniai,Gėlės,K 126,"17,5"
991,"2018 01 01-31, 02 01-28, 03 01-31, 04 01-30, 05 01-31, 06 01-30, 07 01-31, 08 01-31, 09 01-30, 10 01-31, 11 01-30, 12 01-31",,Fizinis asmuo,***,***,prie Žemaičių pl. / J. Grušo g. sankryžos,Milikoniai,"Gėlės, puokštės",K 025,"36,6"
992,"2018 01 01-31, 02 01-28, 03 01-31, 04 01-30, 05 01-31, 06 01-30, 07 01-31, 08 01-31, 09 01-30, 10 01-31, 11 01-30, 12 01-31",,UAB „Reitan Convenience Lithuania“ ,123640551,"Laisvės pr. 58, Vilnius",prie Vytauto pr. 79 / Kęstučio g. 1 sankryžos,Naujamiestis,"Spaudos leidiniai, fasuoti, negreit gendantys maisto produktai, ledai, nealkoholiniai gėrimai",K 101,9.00
993,"2018 01 01-31, 02 01-28, 03 01-31, 04 01-30, 05 01-31, 06 01-30, 07 01-31, 08 01-22",,UAB „Reitan Convenience Lithuania“ ,123640551,"Laisvės pr. 58, Vilnius",prie Laisvės al. 99 / E. Ožeškienės g. 3 sankryžos,Naujamiestis,"Spaudos leidiniai, fasuoti, negreit gendantys maisto produktai, ledai, nealkoholiniai gėrimai",K 096,9.00
994,"2018 01 01-31, 02 01-28, 03 01-31, 04 01-30, 05 01-31, 06 01-30, 07 01-31, 08 01-31, 09 01-30, 10 01-31, 11 01-30, 12 01-31",,UAB „Reitan Convenience Lithuania“ ,123640551,"Laisvės pr. 58, Vilnius",prie Laisvės al. 77 / Maironio g. 15 ,Naujamiestis,"Spaudos leidiniai, fasuoti, negreit gendantys maisto produktai, ledai, nealkoholiniai gėrimai",K 093,9.00
995,"2018 01 01-31, 02 01-28, 03 01-31, 04 01-30, 05 01-31, 06 01-30, 07 01-31, 08 01-31, 09 01-30, 10 01-31, 11 01-30, 12 01-31",,UAB „Reitan Convenience Lithuania“ ,123640551,"Laisvės pr. 58, Vilnius",prie Gedimino g. 36,Naujamiestis,"Spaudos leidiniai, fasuoti, negreit gendantys maisto produktai, ledai, nealkoholiniai gėrimai",K 099,9.00
996,"2018 01 01-31, 02 01-28, 03 01-31, 04 01-30, 05 01-31, 06 01-30, 07 01-31, 08 01-31, 09 01-30, 10 01-31, 11 01-30, 12 01-31",,UAB „Reitan Convenience Lithuania“ ,123640551,"Laisvės pr. 59, Vilnius",prie S. Daukanto g. 25,Naujamiestis,"Spaudos leidiniai, fasuoti, negreit gendantys maisto produktai, ledai, nealkoholiniai gėrimai",K 092,9.00
997,"2018 01 01-31, 02 01-28, 03 01-31, 04 01-30, 05 01-31, 06 01-30, 07 01-31, 08 01-31, 09 01-30, 10 01-31, 11 01-30, 12 01-31",,UAB „Reitan Convenience Lithuania“ ,123640551,"Laisvės pr. 58, Vilnius",prie Žemaičių pl. 23,Smėliai,"Spaudos leidiniai, fasuoti, negreit gendantys maisto produktai, ledai, nealkoholiniai gėrimai",K 095,9.00
998,"2018 01 01-31, 02 01-28, 03 01-31, 04 01-30, 05 01-31, 06 01-30, 07 01-31, 08 01-31, 09 01-30, 10 01-31, 11 01-30, 12 01-31",,UAB „Reitan Convenience Lithuania“ ,123640551,"Laisvės pr. 58, Vilnius",prie Kovo 11-osios g. 22 / Chemijos g. 2 sankryžos,Gričiupis,"Spaudos leidiniai, fasuoti, negreit gendantys maisto produktai, ledai, nealkoholiniai gėrimai",K 102,9.00
999,"2018 01 01-31, 02 01-28, 03 01-31, 04 01-30, 05 01-31, 06 01-30, 07 01-31, 08 01-31, 09 01-30, 10 01-31, 11 01-30, 12 01-31",,UAB „Reitan Convenience Lithuania“ ,123640551,"Laisvės pr. 58, Vilnius",prie V. Krėvės pr. 65,Dainava,"Spaudos leidiniai, fasuoti, negreit gendantys maisto produktai, ledai, nealkoholiniai gėrimai",K 094,9.00
1000,"2018 01 01-31, 02 01-28, 03 01-31, 04 01-30, 05 01-31, 06 01-30, 07 01-31, 08 01-31, 09 01-30, 10 01-31, 11 01-30, 12 01-31",,UAB „Reitan Convenience Lithuania“ ,123640551,"Laisvės pr. 58, Vilnius",prie Savanorių pr. 66,Petrašiūnai,"Spaudos leidiniai, fasuoti, negreit gendantys maisto produktai, ledai, nealkoholiniai gėrimai",K 105,9.00
1001,"2018 01 01-31, 02 01-28, 03 01-31, 04 01-30, 05 01-31, 06 01-30, 07 01-31, 08 01-31, 09 01-30, 10 01-31, 11 01-30, 12 01-31",,UAB „Reitan Convenience Lithuania“ ,123640551,"Laisvės pr. 58, Vilnius",prie Savanorių pr. 371,Eiguliai,"Spaudos leidiniai, fasuoti, negreit gendantys maisto produktai, ledai, nealkoholiniai gėrimai",K 100,9.00
1002,"2018 01 01-31, 02 01-28, 03 01-31, 04 01-30, 05 01-31, 06 01-30, 07 01-31, 08 01-31, 09 01-30, 10 01-31, 11 01-30, 12 01-31",,UAB „Reitan Convenience Lithuania“ ,123640551,"Laisvės pr. 58, Vilnius",prie V. Krėvės pr. 95 ,Dainava,"Spaudos leidiniai, fasuoti, negreit gendantys maisto produktai, ledai, nealkoholiniai gėrimai",K 106,9.00
1003,"2018 01 01-31, 02 01-28, 03 01-31, 04 01-30, 05 01-31, 06 01-30, 07 01-31, 08 01-31, 09 01-30, 10 01-31, 11 01-30, 12 01-31",,UAB „Reitan Convenience Lithuania“ ,123640551,"Laisvės pr. 58, Vilnius",prie P. Lukšio g. 27,Eiguliai,"Spaudos leidiniai, fasuoti, negreit gendantys maisto produktai, ledai, nealkoholiniai gėrimai",K 097,9.00
1127,"2018 01 01-31, 02 01-28, 03 01-31, 04 01-30, 05 01-31, 06 01-30, 07 01-31, 08 01-31, 09 01-30, 10 01-31, 11 01-30, 12 01-31",,Fizinis asmuo,***,***,prie Kęstučio g. 53,Naujamiestis,Viešojo maitinimo paslaugos (ribotas asortimentas),K 565,"15,68"
1128,"2018 01 02-05, 08-12, 15-19, 22-26, 29-31, 02 01-02, 05-09, 12-15, 19-23, 26-28, 03 01-02, 05-09, 12-16, 19-23, 26-30, 04 03-06, 09-13, 16-20, 23-27, 30, 05 02-04, 07-11, 14-18, 21-25, 28-31, 06 01, 04-08, 11-15, 18-22, 25-29, 07 02-05, 09-13, 16-20, 23-27, 30-31, 08 01-03, 06-10, 13-14, 16-17, 20-24, 27-31, 09 03-07, 10-14, 17-21, 24-28, 10 01-05, 08-12, 15-19, 22-26, 29-31, 11 02, 05-09, 12-16, 19-23, 26-30, 12 03-07, 10-14, 17-21",,Fizinis asmuo,***,***,prie Varnių g. 45,Panerys,"Raktų gamyba, įrankių galandinimas",K 341,18.00
1129,"2018 01 02-05, 08-12, 15-19, 22-26, 29-31, 02 01-02, 05-09, 12-15, 19-23, 26-28, 03 01-02, 05-09, 12-16, 19-23, 26-30, 04 03-06, 09-13, 16-20, 23-27, 30, 05 02-04, 07-11, 14-18, 21-25, 28-31, 06 01, 04-08, 11-15, 18-22, 25-29, 07 02-05, 09-13, 16-20, 23-27, 30-31, 08 01-03, 06-10, 13-14, 16-17, 20-24, 27-31, 09 03-07, 10-14, 17-21, 24-28, 10 01-05, 08-12, 15-19, 22-26, 29-31, 11 02, 05-09, 12-16, 19-23, 26-30, 12 03-07, 10-14, 17-21",,Fizinis asmuo,***,***,prie Varnių g. 45,Vilijampolė,Namų ūkio reikmenų taisymas,K 559,15.00