Eil. Nr.,"Leidimo rūšis:
1 - verstis mažmenine prekyba nefasuotais naftos produktais, 
2 - verstis didmenine prekyba nefasuotais naftos produktais, 
3 - verstis didmenine prekyba nefasuotais naftos produktais, kurie tiekiami kaip kuro atsargos laivams, 
4 - verstis didmenine prekyba nefasuotais naftos produktais, kurie tiekiami kaip kuro atsargos orlaiviams",Leid. Nr.,Leidimas išduotas," 


Leidimo turėtojo rekvizitai:",,,"


Leidimo verstis mažmenine prekyba degalinės adresas",,"


Leidžiama prekiauti šiais nefasuotais naftos produktais:",,,,,,,,,Leidimo,,,,
,,,,juridinio asmens pavadinimas arba fizinio asmens vardas ir pavardė,juridinio asmens kodas,juridinio asmens buveinės adresas ,adreso miesto dalis,adresas,aviacinis benzinas,"variklių benzinas, kurio oktaninis skaičius mažesnis kaip 95","variklių benzinas, kurio oktaninis skaičius ne mažesnis 95, bet mažesnis kaip 98","variklių benzinas, kurio oktaninis kaičius ne mažesnis kaip 98",Reaktyviniai degalai,"gazoliai - dyzeliniai degalai, šildymui skirti gazoliai, kiti gazoliai",skystasis kuras,"suskystintos dujos, skirtos autotransporto priemonėms",biodyzelinas,patikslinimo datos,papildymo datos,galiojimo sustabdymo data (laikotarpis),galiojimo sustabdymo panaikinimo data,galiojimo panaikinimo data (skelbiama 6 mėnesius)
1,1,27,2001 06 18,A. Kondratavičiaus firma „Tormenta“,132848925,"Kaunas, Chemijos g. 7-41",Vilijampolė,prie Linkuvos ir A. Stulginskio gatvių sankryžos,,1,1,,,1,,,,"2003 03 03, 2005 11 18",2005 11 18,,,
2,1,40,2002 01 01,AB „Suskystintos dujos“,1085689,"Vilnius, Smolensko g. 1",Naujasodis,Ateities pl. 45A,,,,,,,,1,,2003 03 10,,,,
3,1,19,2001 05 04,AB „Ventus-nafta“,166920025,"Vilnius, J. Jasinskio g. 16B",Dainava,Pramonės pr. 37,,1,1,1,,1,,1,1,"2003 03 10, 2004 12 10, 2006 04 14","2003 03 10, 2004 12 10, 2005 03 18",,,
4,1,19/1,2001 06 22,AB „Ventus-nafta“,166920025,"Vilnius, J. Jasinskio g. 16B",Kazliškiai,Veiverių g. 148B,,1,1,1,,1,,1,,"2003 03 10, 2004 12 10, 2006 04 14",2005 04 08,,,
5,2,75,2013 10 24,Akcinė bendrovė „Kauno tiltai“,133729589,"Kauno m. sav., Kauno m., Ateities pl. 46",PREKYBA VISOJE LIETUVOJE,Tiesioginis nefasuotų naftos produktų pristatymas pirkėjams ,,,,,,1,,,,,,,,
6,1,19/2,2006 06 30,Akcinė bendrovė „Ventus-Nafta“,166920025,"Vilnius, J. Jasinskio g. 16B",Vilijampolė,"Varnių g. 50, Kaunas",,1,1,1,,1,,1,1,,,,,
7,4,9849 O,2002 07 16,"Bendra Lietuvos, Suomijos ir JAV įmonė uždaroji akcinė bendrovė „BALTIJOS NAFTA“",110394530,"Kauno m. sav., Kauno m., J. Kumpio g. 7-1",PREKYBA VISOJE LIETUVOJE,"Viešoji įstaiga „S. Dariaus ir S. Girėno aerodromas“ (įmonės kodas 135087311), Veiverių g. 132, Kaunas, talpykla Nr. 191083001; UAB „Ašva“ (įmonės kodas 2198041), Paluknio aerodromas, Paluknio sen., Trakų r., talpykla Nr. 790090001.",1,,1,1,1,,,,,,2018 03 27,,,
8,2,9616 D,2001 03 26,"Bendra Lietuvos, Suomijos ir JAV įmonė uždaroji akcinė bendrovė „BALTIJOS NAFTA“",110394530,"Kauno m. sav., Kauno m., J. Kumpio g. 7-1",PREKYBA VISOJE LIETUVOJE,Tiesioginis nefasuotų naftos produktų pristatymas pirkėjams,1,1,1,1,1,1,,1,,,,2018 04 19 - 2018 04 26,,2018 04 30
9,1,8,2001 03 11,"Circle K Lietuva, UAB",211454910,"Vilniaus m. sav., Vilniaus m., J. Jasinskio g. 16A",Gričiupis,Taikos pr. 52A,,1,1,1,,1,,,,"2003 03 04, 2004 02 06, 2004 11 19, 2013 01 07, 2016 04 20",,,,
10,1,8/1,2001 03 11,"Circle K Lietuva, UAB",211454910,"Vilniaus m. sav., Vilniaus m., J. Jasinskio g. 16A",Dainava,Savanorių pr. 402A,,1,1,1,,1,,1,,"2003 03 04, 2004 02 06, 2004 11 19, 2013 01 07, 2016 04 20",2002 09 18,,,
11,1,8/2,2001 03 28,"Circle K Lietuva, UAB",211454910,"Vilniaus m. sav., Vilniaus m., J. Jasinskio g. 16A",Veršvai,Raudondvario pl. 107A,,1,1,1,,1,,1,,"2003 03 04, 2004 02 06, 2004 11 19, 2013 01 07, 2016 04 20",2002 03 07,,,
12,1,8/3,2001 03 28,"Circle K Lietuva, UAB",211454910,"Vilniaus m. sav., Vilniaus m., J. Jasinskio g. 16A",Naujasodis,Pramonės pr. 18,,1,1,1,,1,,1,,"2003 03 04, 2004 02 06, 2004 11 19, 2013 01 07, 2016 04 20",,,,
13,1,8/4,2001 04 18,"Circle K Lietuva, UAB",211454910,"Vilniaus m. sav., Vilniaus m., J. Jasinskio g. 16A",Eiguliai,Savanorių pr. 321,,1,1,1,,1,,,,"2003 03 04, 2004 02 06, 2004 11 19, 2013 01 07, 2016 04 20",,,,
14,1,8/5,2001 04 23,"Circle K Lietuva, UAB",211454910,"Vilniaus m. sav., Vilniaus m., J. Jasinskio g. 16A",Smėliai,Žemaičių pl. 19,,1,1,1,,1,,1,,"2003 03 04, 2004 02 06, 2004 11 19, 2013 01 07, 2016 04 20",2002 04 15,,,
15,1,8/7,2001 06 22,"Circle K Lietuva, UAB",211454910,"Vilniaus m. sav., Vilniaus m., J. Jasinskio g. 16A",Vilijampolė,Varnių g. 46,,1,1,,,1,,,,"2003 03 04, 2004 02 06, 2004 11 19, 2013 01 07, 2016 04 20",,,,
16,1,8/8,2001 06 02,"Circle K Lietuva, UAB",211454910,"Vilniaus m. sav., Vilniaus m., J. Jasinskio g. 16A",Petrašiūnai,R. Kalantos g. 68,,1,1,,,1,,,,"2003 03 04, 2004 02 06, 2004 11 19, 2013 01 07, 2016 04 20",,,,
17,1,8/9,2001 07 02,"Circle K Lietuva, UAB",211454910,"Vilniaus m. sav., Vilniaus m., J. Jasinskio g. 16A",Aleksotas,Veiverių g. 49A,,1,1,1,,1,,,,"2003 03 04, 2004 02 06, 2004 11 19, 2013 01 07, 2016 04 20",,,,
18,1,8/11,2001 11 25,"Circle K Lietuva, UAB",211454910,"Vilniaus m. sav., Vilniaus m., J. Jasinskio g. 16A",Naujamiestis,Karaliaus Mindaugo pr. 34A,,1,1,1,,1,,,,"2003 03 04, 2004 02 06, 2004 11 19, 2013 01 07, 2016 04 20",,,,
19,1,8/12,2003 04 22,"Circle K Lietuva, UAB",211454910,"Vilniaus m. sav., Vilniaus m., J. Jasinskio g. 16A",Senamiestis,Jonavos g. 38,,1,1,1,,1,,1,,"2004 02 06, 2004 11 19, 2013 01 07, 2014 11 25, 2016 04 20",2003 07 11,,,
20,1,8/13,2003 04 22,"Circle K Lietuva, UAB",211454910,"Vilniaus m. sav., Vilniaus m., J. Jasinskio g. 16A",Dainava,Savanorių pr. 404B,,1,1,1,,1,,1,,"2003 09 19, 2004 02 06, 2004 11 19, 2013 01 07, 2016 04 20",2003 07 11,,,
21,1,8/14,2003 04 22,"Circle K Lietuva, UAB",211454910,"Vilniaus m. sav., Vilniaus m., J. Jasinskio g. 16A",Eiguliai,Sukilėlių pr. 120,,1,1,1,,1,,1,,"2004 02 06, 2004 11 19, 2013 01 07, 2016 04 20",2003 07 11,,,
22,1,8/15,2003 04 22,"Circle K Lietuva, UAB",211454910,"Vilniaus m. sav., Vilniaus m., J. Jasinskio g. 16A",Kalniečiai,Tvirtovės al. 33A,,1,1,1,,1,,,,"2004 02 06, 2004 11 19, 2013 01 07, 2016 04 20",,,,
23,1,8/16,2003 04 22,"Circle K Lietuva, UAB",211454910,"Vilniaus m. sav., Vilniaus m., J. Jasinskio g. 16A",Gričiupis,K. Baršausko g. 57,,1,1,1,,1,,1,,"2004 02 06, 2004 11 19, 2013 01 07, 2016 04 20",2003 07 11,,,
24,1,8/17,2003 09 26,"Circle K Lietuva, UAB",211454910,"Vilniaus m. sav., Vilniaus m., J. Jasinskio g. 16A",Kleboniškis,Briedžių takas 6B,,1,1,1,,1,,1,,"2004 02 06, 2004 11 19, 2013 01 07, 2016 04 20",,,,
25,1,8/18,2005 12 02,"Circle K Lietuva, UAB",211454910,"Vilniaus m. sav., Vilniaus m., J. Jasinskio g. 16A",Eiguliai,"Islandijos pl. 32, Kaunas",,,1,,,1,,1,1,"2013 01 07, 2016 04 20",,,,
26,1,8/19,2009 05 22,"Circle K Lietuva, UAB",211454910,"Vilniaus m. sav., Vilniaus m., J. Jasinskio g. 16A",Sargėnai,"Vakarinis aplinkkelis 10, Kaunas",,1,1,1,,1,,1,1,"2013 01 07, 2016 04 20",,,,
27,1,8/20,2012 02 27,"Circle K Lietuva, UAB",211454910,"Vilniaus m. sav., Vilniaus m., J. Jasinskio g. 16A",Eiguliai,"Islandijos pl. 61C, Kaunas",,,1,1,,1,,,1,"2013 01 07, 2016 04 20",,,,
28,1,8/21,2017 09 12,"Circle K Lietuva, UAB",211454910,"Vilniaus m. sav., Vilniaus m., J. Jasinskio g. 16A",Petrašiūnai,"R. Kalantos g. 159, Kaunas",,,1,1,,1,,1,,,,,,
29,1,67,2011 04 05,Lietuvos ir Airijos uždaroji akcinė bendrovė „ABROMIKA“,134775568,"Kaunas, Kęstučio g. 38",Marvelė,"Marvelės g. 132, Kaunas",,1,1,1,,1,,1,,,,,,
30,1,43,2002 01 31,Nijolės Žaltauskienės įmonė „Punia“,159515674,"Kauno r., Rokų sen., Pavytės k. ",Rokai,Marijampolės pl. 20,,1,1,1,,1,,1,,"2003 03 26, 2005 03 14",,,,
31,2,82,2014 06 05,UAB „Agrosfera“,302348275,"Kauno m. sav., Kauno m., Jonavos g. 204A",PREKYBA VISOJE LIETUVOJE,Tiesioginis nefasuotų naftos produktų pristatymas pirkėjams,,1,,,,1,,,,,,2018 04 19 - 2018 04 26,,2018 04 30
32,2,86,2014 12 18,UAB „Atopa“,303464375,"Kauno m. sav., Kauno m., Partizanų g. 61-806",PREKYBA VISOJE LIETUVOJE,Tiesioginis nefasuotų naftos produktų pristatymas pirkėjams,1,1,1,1,1,1,,1,1,,,2018 02 20 - 2018 03 19,,2018 03 22
33,1,36/9,2015 03 20,UAB „BALTIC PETROLEUM“,111703588,"Vilniaus r. sav., Užubalių k., Senasis Ukmergės kelias 4",Vilijampolė,"Raudondvario pl. 82, Kaunas",,1,1,1,,1,,1,1,,,,,
34,1,36/1,2001 10 12,UAB „Baltic Petroleum“ ,111703588,"Vilniaus r. sav., Užubalių k., Senasis Ukmergės kelias 4",Žaliakalnis,Jonavos g. 60A,,1,1,1,,1,,1,,"2003 02 27, 2004 12 17, 2007 03 02, 2011 11 25",2005 01 28,,,
35,1,36/2,2001 10 12,UAB „Baltic Petroleum“ ,111703588,"Vilniaus r. sav., Užubalių k., Senasis Ukmergės kelias 4",Panemunė,Vaidoto g. 153,,1,1,1,,1,,1,,"2003 02 27, 2004 12 17, 2007 03 02, 2011 12 12","2005 12 30, 2010 10 14",,,
36,1,36/3,2002 11 29,UAB „Baltic Petroleum“ ,111703588,"Vilniaus r. sav., Užubalių k., Senasis Ukmergės kelias 4",Amaliai,Chemijos g. 6,,1,1,1,,1,,1,,"2003 02 27, 2004 12 17, 2007 11 09, 2011 11 29","2007 11 09, 2010 10 14",,,
37,1,36/4,2003 07 11,UAB „Baltic Petroleum“ ,111703588,"Vilniaus r. sav., Užubalių k., Senasis Ukmergės kelias 4",Naujasodis,Taikos pr. 120,,1,1,,,1,,1,,"2004 12 17, 2007 11 23, 2011 11 29",,,,
38,1,36/5,2003 07 11,UAB „Baltic Petroleum“ ,111703588,"Vilnius, Aguonų g. 24",Milikoniai,Kuršių g. 13,,1,1,,,1,,,,2004 12 17,,,,
39,1,36/6,2003 07 11,UAB „Baltic Petroleum“ ,111703588,"Vilniaus r. sav., Užubalių k., Senasis Ukmergės kelias 4",Freda,H. ir O. Minkovskių g. 132,,1,1,1,,1,,1,,"2004 12 17, 2007 02 09, 2011 12 12","2004 07 23, 2004 11 05",,,
40,1,36/8,2007 12 14,UAB „BALTIC PETROLEUM“ ,111703588,"Vilniaus r. sav., Užubalių k., Senasis Ukmergės kelias 4",Smėliai,"Baltijos g. 90B, Kaunas",,1,1,1,,1,,1,,2011 11 25,2010 10 14,,,
41,1,57,2005 05 02,UAB „Čia“,300052637,"Vilnius, Kalvarijų g. 125-818",Aleksotas,"Veiverių g. 132D, Kaunas",,,,,,,,1,,,,,,
42,1,29/1,2001 07 12,UAB „Deguva“,134737329,"Kaunas, Puodžių g. 12-2",Lampėdžiai,Raudondvario pl. 234,,,,,,,,1,,"2003 02 27, 2004 11 19",,,,
43,1,3/1,2003 02 14,UAB „Dujovita“,135604958,"Kaunas, A. Mapu g. 3-7",Žaliakalnis,Jonavos g. 110,,,,,,,,1,,"2003 03 03, 2005 03 25",,,,
44,2,27-10034 D,2009 03 23,UAB „Ekoil“,301541022,"Kauno m. sav., Kauno m., S. Žukausko g. 35-29",PREKYBA VISOJE LIETUVOJE,Tiesioginis nefasuotų naftos produktų pristatymas pirkėjams,,,,,,,,1,,,,,,2018 01 10
45,2,97,2015 12 21,UAB „Emuna“,303318705,"Kauno m. sav., Kauno m., J. Žemgulio g. 10-16A",PREKYBA VISOJE LIETUVOJE,Tiesioginis nefasuotų naftos produktų pristatymas pirkėjams,1,1,1,1,1,1,,1,1,,,2018 04 19 - 2018 04 26,,2018 04 30
46,2,103,2016 06 13,UAB „Energijos kodas“,302414693,"Kauno m. sav., Kauno m., Jurbarko g. 2",PREKYBA VISOJE LIETUVOJE,Tiesioginis nefasuotų naftos produktų pristatymas pirkėjams,,,,,,1,,,,,,,,
47,2,78,2014 04 15,UAB „Euronafta“,303266500,"Kauno m. sav., Kauno m., Skirmanto g. 21-12",PREKYBA VISOJE LIETUVOJE,"Pramonės g. 38, Jonava",,,,,,1,,,,,,2018 04 19 - 2018 04 26,,2018 04 30
48,2,96,2015 11 18,UAB „Gamtana“,302708339,"Kauno m. sav., Kauno m., Draugystės g. 17-1",PREKYBA VISOJE LIETUVOJE,Tiesioginis nefasuotų naftos produktų pristatymas pirkėjams,,1,1,1,,1,,,1,,,2018 04 19 - 2018 04 26,,2018 04 30
49,1,102,2016 05 25,UAB „Gyteksa“,304234904,"Kauno m. sav., Kauno m., Partizanų g. 61-806",Milikoniai,"Kuršių g. 1, Kaunas",,,,,,,,1,,,,,,
50,2,83,2014 10 08,UAB „Kifato Baltic“,302453956,"Kauno m. sav., Kauno m., Lygybės g. 21-86",PREKYBA VISOJE LIETUVOJE,Tiesioginis nefasuotų naftos produktų pristatymas pirkėjams,,,,,,1,,,,,,2018 04 19 - 2018 04 26,,2018 04 30
51,1,38,2001 12 07,UAB „Lanx“,134604631,"Kaunas, Partizanų g. 87G",Naujasodis,Partizanų g. 87G,,1,1,1,,1,,1,,"2003 03 03, 2003 09 19, 2004 11 19",2010 05 13,,,
52,1,9550 S,2001 01 31,UAB „Lanx“,134604631,"Kaunas, Partizanų g. 87G",Smėliai,Baltų pr. 141A,,,1,1,,1,,1,,"2003 03 03, 2003 09 19, 2004 11 19",2010 05 13,,,
53,2,69,2012 03 15,UAB „LATERA LT“,302700926,"Kauno m. sav., Kauno m., Taikos pr. 88A",PREKYBA VISOJE LIETUVOJE,Tiesioginis nefasuotų naftos produktų pristatymas pirkėjams,,1,1,1,,1,,,1,,2012 11 28,2018 04 19 - 2018 04 26,,2018 04 30
54,2,91,2015 05 04,UAB „Lietuviškų degalinių tinklas“,135995859,"Kauno m. sav., Kauno m., Savanorių pr. 315",PREKYBA VISOJE LIETUVOJE,Tiesioginis nefasuotų naftos produktų pristatymas pirkėjams,,1,1,1,,1,,,1,,,,,
55,2,93,2015 06 30,UAB „Lileda“,304033132,"Kauno m. sav., Kauno m., Islandijos pl. 95-57",PREKYBA VISOJE LIETUVOJE,Tiesioginis nefasuotų naftos produktų pristatymas pirkėjams,,,,,,1,,,,,,2018 02 20 - 2018 03 19,,2018 04 27
56,2,77,2013 11 12,UAB „Lino Taparausko firma“,234951750,"Kauno m. sav., Kauno m., Viešios g. 27",PREKYBA VISOJE LIETUVOJE,Tiesioginis nefasuotų naftos produktų pristatymas pirkėjams ,1,1,1,1,,1,,1,1,2017 02 06,,2018 04 19 - 2018 04 26,,2018 04 30
57,2,27-10060 D,2010 05 24,UAB „Naftoil“,302499811,"Kauno m. sav., Kauno m., Gedimino g. 33-13",PREKYBA VISOJE LIETUVOJE,Tiesioginis nefasuotų naftos produktų pristatymas pirkėjams,1,1,1,1,1,1,,1,1,,,2018 04 19 - 2018 04 26,,2018 04 30
58,1,2,2001 02 15,UAB „Neste Lietuva“,211472890,"Vilnius, P. Lukšio g. 32 / J. Kubiliaus g. 12",Petrašiūnai,R. Kalantos g. 27,,1,1,1,,1,,,,"2003 03 03, 2004 12 17",2008 02 15,,,
59,1,2/1,2001 04 20,UAB „Neste Lietuva“,211472890,"Vilnius, P. Lukšio g. 32 / J. Kubiliaus g. 12",Aleksotas,Veiverių g. 132D,,1,1,1,,1,,,,"2003 03 03, 2004 12 17",2008 02 15,,,
60,1,2/2,2001 05 18,UAB „Neste Lietuva“,211472890,"Vilnius, P. Lukšio g. 32 / J. Kubiliaus g. 12",Naujasodis,Pramonės pr. 6A,,1,1,1,,1,,,,"2003 03 03, 2004 12 17",2004 01 09,,,
61,1,2/3,2001 06 23,UAB „Neste Lietuva“,211472890,"Vilnius, P. Lukšio g. 32 / J. Kubiliaus g. 12",Milikoniai,Žemaičių pl. 26,,1,1,1,,1,,,,"2003 03 03, 2004 12 17",2008 02 15,,,
62,1,9476 M,2001 01 17,UAB „Neste Lietuva“,211472890,"Vilnius, P. Lukšio g. 32 / J. Kubiliaus g. 12",Žaliakalnis,Jonavos g. 110,,1,1,1,,1,,,,"2003 03 03, 2004 12 17",2008 02 15,,,
63,1,2/4,2006 05 05,UAB „Neste Lietuva“,211472890,"Vilnius, P. Lukšio g. 32 / J. Kubiliaus g. 12",Palemonas,"Ateities pl. 50B, Kaunas",,1,1,1,,1,,,,,,,,
64,1,92,2015 06 16,UAB „Nestelita“,303981390,"Kauno m. sav., Kauno m., J. Borutos g. 4-29",Dainava,"Birželio 23-iosios g. 23A, Kaunas",,,,,,,,1,,,,,,
65,1,92/1,2015 06 16,UAB „Nestelita“,303981390,"Kauno m. sav., Kauno m., J. Borutos g. 4-29",Gričiupis,"Taikos pr. 80A, Kaunas",,,,,,,,1,,,,,,
66,2,27-10020 D,2008 05 09,UAB „Petrola LT“,301295617,"Kauno m. sav., Kauno m., Seniavos pl. 8E",PREKYBA VISOJE LIETUVOJE,Tiesioginis nefasuotų naftos produktų pristatymas pirkėjams,,1,1,1,1,1,,1,1,,,2018 04 19 - 2018 04 26,,2018 04 30
67,2,87,2015 01 08,UAB „PROLINIJA“,302418357,"Kauno m. sav., Kauno m., Raudondvario pl. 288A-30",PREKYBA VISOJE LIETUVOJE,Tiesioginis nefasuotų naftos produktų pristatymas pirkėjams,,,,,,1,,,,,,2017 12 08 - 2018 01 06,,2018 01 09
68,2,100,2016 03 17,UAB „Proserva“,304071873,"Kauno m. sav., Kauno m., Undinės g. 3",PREKYBA VISOJE LIETUVOJE,Tiesioginis nefasuotų naftos produktų pristatymas pirkėjams,,,,,,1,,,,,,2018 02 20 - 2018 03 19,,2018 04 10
69,2,107,2017 04 19,UAB „Romijus“,302823996,"Kauno m. sav., Kauno m., Islandijos pl. 95-57",PREKYBA VISOJE LIETUVOJE,Tiesioginis nefasuotų naftos produktų pristatymas pirkėjams,,1,1,1,,1,,1,1,,,2018 04 19 - 2018 04 26,,2018 04 30
70,1,59,2005 06 27,UAB „Rotada“,165812922,"Marijampolės sav., Pietarių k.",Naujasodis,"Elektrėnų g. 7D, Kaunas",,1,1,1,,1,,1,1,,,,,
71,1,15,2001 04 18,UAB „Saurida“,266916280,"Mažeikiai, Montuotojų g. 8",Naujasodis,V. Krėvės pr. 116,,1,1,,,1,,1,,"2002 04 15, 2003 03 13, 2004 12 24",2003 01 24,2018 03 14 - 2018 04 13,,
72,1,73,2013 04 12,UAB „SKULAS“,145316477,"Šiaulių m. sav., Šiaulių m., Draugystės pr. 21-8",Eiguliai,"Ašigalio 1A, Kaunas",,1,1,1,,1,,1,1,,,,,
73,1,73/2,2013 04 12,UAB „SKULAS“,145316477,"Šiaulių m. sav., Šiaulių m., Draugystės pr. 21-8",Marvelė,"Marvelės g. 106D, Kaunas",,1,1,1,,1,,1,1,,,,,
74,2,94,2015 08 24,UAB „Tauritus“,303976443,"Kauno m. sav., Kauno m., J. Basanavičiaus al. 56-45",PREKYBA VISOJE LIETUVOJE,"Pramonės pr. 38, Jonava",,,,,,1,,,,,,,,
75,1,49,2004 02 27,UAB „Tomega“,166796392,"Mažeikiai, Montuotojų g. 12",Vilijampolė,Betygalos g. 8,,1,1,1,,1,,1,1,"2005 03 18, 2010 04 23",,,,
76,1,49/1,2004 11 12,UAB „Tomega“,166796392,"Mažeikiai, Montuotojų g. 12",Vilijampolė,"Panerių g. 222, Kaunas",,,,,,,,1,,,,,,
77,1,49/2,2010 05 27,UAB „Tomega“,166796392,"Mažeikiai, Montuotojų g. 12",Veršvai,"Brastos g. 11, Kaunas",,,,,,,,1,,,,,,
78,1,104,2016 06 13,UAB „Top B2B“,301880535,"Kauno m. sav., Kauno m., Kovo 11-osios g. 31-67",Aukštieji Šančiai,"Tunelio g. 26, Kaunas",,,,,,,,1,,,,,,
79,2,106,2016 12 20,UAB „TOP OILS“,304430721,"Kauno m. sav., Kauno m., Savanorių pr. 192",PREKYBA VISOJE LIETUVOJE,Tiesioginis nefasuotų naftos produktų pristatymas pirkėjams,,,,,,1,,,,,,2018 04 19 - 2018 04 26,,2018 04 30
80,2,76,2013 10 28,UAB „Transda“,303141557,"Kauno m. sav., Kauno m., Islandijos pl. 95-57",PREKYBA VISOJE LIETUVOJE,Tiesioginis nefasuotų naftos produktų pristatymas pirkėjams ,1,1,1,1,1,1,,1,1,,2013 12 18,2018 04 19 - 2018 04 26,,2018 04 30
81,1,31/1,2001 12 10,UAB „Tubus“,135570484,"Kaunas, Vandžiogalos g. 86A",Sargėnai,Vandžiogalos g. 86A,,1,1,,,1,,1,,"2003 03 17, 2005 03 14",,,,
82,1,31/2,2001 12 10,UAB „Tubus“,135570484,"Kaunas, Vandžiogalos g. 86A",Petrašiūnai,T. Masiulio g. 16A,,1,1,,,1,,1,,"2003 03 17, 2005 03 14",,,,
83,1,99,2016 02 24,UAB „VABALIS“,302831690,"Utenos r. sav., Utenos m., Aukštaičių g. 8",Naujasodis,"Pramonės pr. 6A, Kaunas",,,,,,,,1,,,,,,
84,2,95,2015 08 24,UAB „Verslo garantas“,303118640,"Kauno m. sav., Kauno m., Europos pr. 122",PREKYBA VISOJE LIETUVOJE,Tiesioginis nefasuotų naftos produktų pristatymas pirkėjams,,,,,,1,,1,1,,,2018 04 19 - 2018 04 26,,2018 04 30
85,1,89,2015 02 12,UAB „Viada LT“,178715423,"Vilniaus r. sav., Užubalių k., Senasis Ukmergės kelias 4",Naujasodis,"Biruliškių g. 18A, Kaunas",,1,1,1,,1,,1,1,"2015 09 16, 2016 09 30",,,,
86,1,89/1,2015 02 18,UAB „Viada LT“,178715423,"Vilniaus r. sav., Užubalių k., Senasis Ukmergės kelias 4",Smėliai,"Baltijos g. 90B, Kaunas",,1,1,1,,1,,1,1,2016 09 30,,,,
87,1,89/2,2015 02 19,UAB „Viada LT“,178715423,"Vilniaus r. sav., Užubalių k., Senasis Ukmergės kelias 4",Vaišvydava,"Didžioji g. 84, Kaunas",,1,1,1,,1,,1,1,"2016 09 30, 2018 04 10",,,,
88,1,89/3,2015 04 13,UAB „Viada LT“,178715423,"Vilniaus r. sav., Užubalių k., Senasis Ukmergės kelias 4",Žemieji Šančiai,"A. Juozapavičiaus pr. 90, Kaunas",,1,1,1,,1,,1,1,2016 09 30,,,,
89,1,89/4,2015 04 14,UAB „Viada LT“,178715423,"Vilniaus r. sav., Užubalių k., Senasis Ukmergės kelias 4",Smėliai,"Miežėnų g. 18, Kaunas",,1,1,1,,1,,1,1,2016 09 30,,,,
90,1,89/5,2015 04 27,UAB „Viada LT“,178715423,"Vilniaus r. sav., Užubalių k., Senasis Ukmergės kelias 4",Naujasodis,"Ateities pl. 105, Kaunas",,1,1,1,,1,,1,1,2016 09 30,,,,
91,1,89/6,2015 05 28,UAB „Viada LT“,178715423,"Vilniaus r. sav., Užubalių k., Senasis Ukmergės kelias 4",Birutė,"Veiverių g. 117, Kaunas",,1,1,1,,1,,1,1,2016 09 30,,,,
92,1,89/7,2015 05 28,UAB „Viada LT“,178715423,"Vilniaus r. sav., Užubalių k., Senasis Ukmergės kelias 4",Rokai,"Marijampolės pl. 29, Kaunas",,1,1,1,,1,,1,1,2016 09 30,,,,
93,1,89/8,2015 05 28,UAB „Viada LT“,178715423,"Vilniaus r. sav., Užubalių k., Senasis Ukmergės kelias 4",Dainava,"Pramonės pr. 44, Kaunas",,1,1,1,,1,,1,1,2016 09 30,,,,
94,1,89/9,2016 09 09,UAB „Viada LT“,178715423,"Vilniaus r. sav., Užubalių k., Senasis Ukmergės kelias 4",Lampėdžiai,"Raudondvario pl. 288, Kaunas",,1,1,1,,1,,1,1,,,,,
95,1,89/10,2016 09 09,UAB „Viada LT“,178715423,"Vilniaus r. sav., Užubalių k., Senasis Ukmergės kelias 4",Naujamiestis,"Karaliaus Mindaugo pr. 54, Kaunas",,1,1,1,,1,,1,1,,,,,
96,1,89/11,2016 10 12,UAB „Viada LT“,178715423,"Vilniaus r. sav., Užubalių k., Senasis Ukmergės kelias 4",Naujasodis,"Ateities pl. 37A, Kaunas",,1,1,1,,1,,1,1,,,,,
97,1,89/12,2016 10 18,UAB „Viada LT“,178715423,"Vilniaus r. sav., Užubalių k., Senasis Ukmergės kelias 4",Eiguliai,"P. Lukšio g. 66A, Kaunas",,1,1,1,,1,,1,1,,,,,
98,1,89/13,2016 11 10,UAB „Viada LT“,178715423,"Vilniaus r. sav., Užubalių k., Senasis Ukmergės kelias 4",Aleksotas,"Veiverių g. 124B, Kaunas",,1,1,1,,1,,1,1,,,,,
99,1,89/14,2016 10 25,UAB „Viada LT“,178715423,"Vilniaus r. sav., Užubalių k., Senasis Ukmergės kelias 4",Gričiupis,"K. Baršausko g. 64, Kaunas",,1,1,1,,1,,1,1,,,,,
100,1,89/15,2016 12 08,UAB „Viada LT“,178715423,"Vilniaus r. sav., Užubalių k., Senasis Ukmergės kelias 4",Petrašiūnai,"T. Masiulio g. 22B, Kaunas",,1,1,1,,1,,1,1,2018 01 04,,,,
101,1,89/16,2016 12 06,UAB „Viada LT“,178715423,"Vilniaus r. sav., Užubalių k., Senasis Ukmergės kelias 4",Eiguliai,"Islandijos pl. 61A, Kaunas",,1,1,1,,1,,1,1,,,,,
102,1,89/17,2016 12 13,UAB „Viada LT“,178715423,"Vilniaus r. sav., Užubalių k., Senasis Ukmergės kelias 4",Kalniečiai,"Statybininkų g. 3A, Kaunas",,1,1,1,,1,,1,1,,,,,
103,2,98,2016 02 18,UAB „Vilgrida“,304108962,"Kauno m. sav., Kauno m., Islandijos pl. 95-57",PREKYBA VISOJE LIETUVOJE,Tiesioginis nefasuotų naftos produktų pristatymas pirkėjams,,1,1,1,,1,,,1,,,2018 04 19 - 2018 04 26,,2018 04 30
104,1,74,2013 05 06,UAB „VOIL“,303010102,"Kauno m. sav., Kauno m., Drobės g. 23",Naujasodis,"Draugystės g. 8B, Kaunas",,1,1,1,,1,,1,1,,,,,
105,2,74/1,2014 10 07,UAB „VOIL“,303010102,"Kauno m. sav., Kauno m., Drobės g. 23",PREKYBA VISOJE LIETUVOJE,Tiesioginis nefasuotų naftos produktų pristatymas pirkėjams,1,1,1,1,1,1,,1,1,,,2018 04 19 - 2018 04 26,,2018 04 30
106,2,90,2015 03 04,UAB „Zola“,303554883,"Kauno m. sav., Kauno m., Partizanų g. 61-806",PREKYBA VISOJE LIETUVOJE,Tiesioginis nefasuotų naftos produktų pristatymas pirkėjams,,1,1,1,,1,,,,,,2018 04 19 - 2018 04 26,,2018 04 30
107,1,81/1,2014 05 16,Uždaroji akcinė bendrovė „Alauša“,183615620,"Utenos r. sav., Utenos m., Utenio a. 9",Palemonas,"Palemono g. 171, Kaunas",,,1,,,1,,1,1,,,,,
108,1,66,2010 04 14,UŽDAROJI AKCINĖ BENDROVĖ „APSAGA“,175781368,"Šiaulių r., Toliočių k.",Petrašiūnai,"R. Kalantos g. 159, Kaunas",,1,1,1,,1,,1,1,,,2017 07 31,,
109,2,27-10004 D,2007 03 01,Uždaroji akcinė bendrovė „AVE-MATROX“,110600222,"Kauno m. sav., Kauno m., Kęstučio g. 30-2",PREKYBA VISOJE LIETUVOJE,Tiesioginis nefasuotų naftos produktų pristatymas pirkėjams,,1,1,1,,1,,1,,,,2018 04 19 - 2018 04 26,,2018 04 30
110,1,88,2015 02 10,Uždaroji akcinė bendrovė „Cauda“,234857660,"Kauno m. sav., Kauno m., Partizanų g. 42A-33",Petrašiūnai,"R. Kalantos g. 27, Kaunas",,,,,,,,1,,,,,,
111,1,88/1,2016 02 05,Uždaroji akcinė bendrovė „Cauda“,234857660,"Kauno m. sav., Kauno m., Partizanų g. 42A-33",Milikoniai,"Žemaičių pl. 26, Kaunas",,,,,,,,1,,,,,,
112,2,85,2014 12 04,Uždaroji akcinė bendrovė „Dasta“,134600387,"Kauno m. sav., Kauno m., Neries krant. 16",PREKYBA VISOJE LIETUVOJE,Tiesioginis nefasuotų naftos produktų pristatymas pirkėjams,,1,1,1,,1,,1,1,,,2018 04 19 - 2018 04 26,,2018 04 30
113,1,3/2,2017 04 04,Uždaroji akcinė bendrovė „Dujovita“,135604958,"Kauno m. sav., Kauno m., Savanorių pr. 271-102",Eiguliai,"Islandijos pl. 191D, Kaunas",,,,,,,,1,,,,,,
114,1,101,2016 03 29,Uždaroji akcinė bendrovė „EMSI“,120643955,"Vilniaus m. sav., Vilniaus m., Savanorių pr. 225",Palemonas,"Ateities pl. 40B, Kaunas",,,1,1,,1,,,,,,,,
115,1,101/1,2016 06 30,Uždaroji akcinė bendrovė „EMSI“,120643955,"Vilniaus m. sav., Vilniaus m., Savanorių pr. 225",Palemonas,"Palemono g. 3, 3A, Kaunas",,,1,,,1,,,,,,,,
116,1,101/2,2017 03 29,Uždaroji akcinė bendrovė „EMSI“,120643955,"Vilniaus m. sav., Vilniaus m., Savanorių pr. 225",Smėliai,"Liuksemburgo aklg. 27, Kaunas",,,1,1,,1,,1,,,,,,
117,3,30-10041 L,2009 05 15,Uždaroji akcinė bendrovė „Hautera“,135253167,"Kauno m. sav., Kauno m., T. Masiulio g. 18K",PREKYBA VISOJE LIETUVOJE,Tiesioginis nefasuotų naftos produktų pristatymas pirkėjams,,,,,,1,,1,,,,,,2018 01 10
118,2,27-10067 D,2010 07 02,Uždaroji akcinė bendrovė „Hautera“,135253167,"Kauno m. sav., Kauno m., T. Masiulio g. 18K",PREKYBA VISOJE LIETUVOJE,Tiesioginis nefasuotų naftos produktų pristatymas pirkėjams,1,1,1,1,1,1,,1,1,,,,,2018 01 10
119,1,84,2014 11 25,Uždaroji akcinė bendrovė „Jozita“,176618114,"Šilalės r. sav., Šolių k., Pietinio Kelio g. 9",Milikoniai,"Kuršių g. 13A, Kaunas",,1,1,1,,1,,1,1,,,,,
120,1,84/1,2014 11 25,Uždaroji akcinė bendrovė „Jozita“,176618114,"Šilalės r. sav., Šolių k., Pietinio Kelio g. 9",Eiguliai,"Jonavos g. 51, Kaunas",,1,1,1,,1,,1,1,,,,,
121,2,38/1,2012 10 16,Uždaroji akcinė bendrovė „Lanx“,134604631,"Kauno m. sav., Kauno m., Partizanų g. 87G",PREKYBA VISOJE LIETUVOJE,Tiesioginis nefasuotų naftos produktų pristatymas pirkėjams,,,1,1,,1,,,1,,,,,2018 03 22
122,2,27-9988 D,2006 06 12,Uždaroji akcinė bendrovė „Legatina“,136034272,"Kauno m. sav., Kauno m., Draugystės g. 19",PREKYBA VISOJE LIETUVOJE,Tiesioginis nefasuotų naftos produktų pristatymas pirkėjams,,,,,,,,,1,,,2018 04 18 - 2019 04 19,,
123,2,105,2016 10 21,Uždaroji akcinė bendrovė „Mogita“,135537025,"Kauno m. sav., Kauno m., A. Stulginskio g. 41",PREKYBA VISOJE LIETUVOJE,Tiesioginis nefasuotų naftos produktų pristatymas pirkėjams,1,1,1,1,1,1,,1,1,,,2018 04 19 - 2018 04 26,,2018 04 30
124,1,2/5,2010 10 25,Uždaroji akcinė bendrovė „NESTE LIETUVA“,211472890,"Vilnius, P. Lukšio g. 32 / J. Kubiliaus g. 12",Gričiupis,"Taikos pr. 80A, Kaunas",,,1,1,,1,,,,,,,,
125,1,2/6,2010 10 25,Uždaroji akcinė bendrovė „NESTE LIETUVA“,211472890,"Vilnius, P. Lukšio g. 32 / J. Kubiliaus g. 12",Eiguliai,"Islandijos pl. 191E, Kaunas",,,1,1,,1,,,,,,,,
126,1,2/7,2010 10 26,Uždaroji akcinė bendrovė „NESTE LIETUVA“,211472890,"Vilnius, P. Lukšio g. 32 / J. Kubiliaus g. 12",Milikoniai,"Kuršių g. 1, Kaunas",,,1,1,,1,,,,,,,,
127,1,2/8,2010 10 27,Uždaroji akcinė bendrovė „NESTE LIETUVA“,211472890,"Vilnius, P. Lukšio g. 32 / J. Kubiliaus g. 12",Vilijampolė,"Raudondvario pl. 103, Kaunas",,,1,1,,1,,,,,,,,
128,1,2/9,2010 10 28,Uždaroji akcinė bendrovė „NESTE LIETUVA“,211472890,"Vilnius, P. Lukšio g. 32 / J. Kubiliaus g. 12",Dainava,"Birželio 23-iosios g. 23A, Kaunas",,,1,1,,1,,,,,,,,
129,1,2/10,2014 04 16,Uždaroji akcinė bendrovė „NESTE LIETUVA“,211472890,"Vilnius, P. Lukšio g. 32",Aukštieji Šančiai,Tunelio g. 26,,,1,1,,1,,,,,,,,
130,1,2/11,2017 01 06,Uždaroji akcinė bendrovė „NESTE LIETUVA“,211472890,"Vilniaus m. sav., Vilniaus m., P. Lukšio g. 32",Eiguliai,"Savanorių pr. 441C, Kaunas",,,1,1,,1,,,,,,,,
131,1,2/12,2017 02 15,Uždaroji akcinė bendrovė „NESTE LIETUVA“,211472890,"Vilniaus m. sav., Vilniaus m., P. Lukšio g. 32",Sargėnai,"Vakarinio aplink. 18 , Kaunas",,,1,1,,1,,,,,,,,
132,2,27-10033 D,2009 02 20,Uždaroji akcinė bendrovė „Okseta“,161410513,"Kauno m. sav., Kauno m., Biruliškių g. 18A",PREKYBA VISOJE LIETUVOJE,"Biruliškių g. 18A, Kaunas; Žibuoklių g. 22, Kėdainiai",1,1,1,1,1,1,,,1,2016 12 07,,,,
133,2,9608D,2001 03 15,Uždaroji akcinė bendrovė „SOLIRIS“,134174610,"Kauno m. sav., Kauno m., Elektrėnų g. 1G",PREKYBA VISOJE LIETUVOJE,"R. Sologubo degalų sandėlis, Ateities pl. 23, Kaunas, rezervuarai: 19044302-19044311 ; Elektrėnų g. 1G, Kaunas",1,1,1,1,1,1,,,,2013 09 16,2014 05 19,2018 04 19 - 2018 04 26,,2018 04 30
134,1,64,2009 06 15,Uždaroji akcinė bendrovė „VILOKTA“,122889941,"Vilnius, Dariaus ir Girėno g. 17",Palemonas,"Ateities pl. 50B, Kaunas",,,,,,,,1,,,,,,
135,2,27-10083 D,2011 02 23,Uždaroji akcinė bendrovė „Vipakus“,135913641,"Kauno m. sav., Kauno m., Karaliūnų g. 21",PREKYBA VISOJE LIETUVOJE,Tiesioginis nefasuotų naftos produktų pristatymas pirkėjams,1,1,1,1,1,1,,1,1,,,,,2018 01 08
